,orginal,proposed,old_section,new_sction,start_section,Final_section,Error,number hat
0,2,2,"[[3.6850648], [3.901029273666667]]","[[3.901029273666667], [4.332958221]]",189.60012436018957,174.32490549763034,"{'regressor_1': 48.322265516039046, 'regressor_2': 324.4601657665143}","[5736, 4814]"
1,2,2,"[[3.6850648], [3.9010370623333332]]","[[3.9010370623333332], [4.332981587]]",165.41582843601896,156.3749136492891,"{'regressor_1': 45.11720383609416, 'regressor_2': 288.8905867082036}","[5735, 4815]"
2,2,2,"[[3.6850648], [3.9010370623333332]]","[[3.9010370623333332], [4.332981587]]",185.37721165876778,166.61602426540284,"{'regressor_1': 44.74306171548116, 'regressor_2': 311.83067179061067}","[5736, 4814]"
3,2,2,"[[3.6850749], [3.901043795666667]]","[[3.901043795666667], [4.332981587]]",190.8728243601896,185.09376104265405,"{'regressor_1': 54.71749110568538, 'regressor_2': 340.32165386212625}","[5734, 4816]"
4,2,2,"[[3.6850648], [3.9010370623333332]]","[[3.9010370623333332], [4.332981587]]",190.614650521327,194.3760124170616,"{'regressor_1': 51.35383126853952, 'regressor_2': 364.4652674828802}","[5731, 4819]"
5,2,2,"[[3.6850648], [3.9010370623333332]]","[[3.9010370623333332], [4.332981587]]",187.30716881516588,177.8867956398104,"{'regressor_1': 54.866940438871474, 'regressor_2': 324.80443469217965}","[5742, 4808]"
6,2,2,"[[3.6850648], [3.9009958953333332]]","[[3.9009958953333332], [4.332858086]]",198.8613397156398,196.7836527014218,"{'regressor_1': 46.95340489082969, 'regressor_2': 374.56151150259063}","[5725, 4825]"
7,2,2,"[[3.6850648], [3.9009958953333332]]","[[3.9009958953333332], [4.332858086]]",183.84434464454978,168.93518379146917,"{'regressor_1': 49.45868579902303, 'regressor_2': 311.07700332088}","[5732, 4818]"
8,2,2,"[[3.6850749], [3.901043795666667]]","[[3.901043795666667], [4.332981587]]",179.55527374407583,164.01362720379151,"{'regressor_1': 53.97725818815332, 'regressor_2': 295.3252193347194}","[5740, 4810]"
9,2,2,"[[3.6850648], [3.9009958953333332]]","[[3.9009958953333332], [4.332858086]]",195.0908695734597,174.29481383886255,"{'regressor_1': 70.31772383771548, 'regressor_2': 298.5179109631787}","[5743, 4807]"
10,3,2,"[[3.6850648], [3.84703815525, 4.009011510500001]]","[[3.84703815525], [4.009011510500001, 4.332958221]]",192.12987080568723,6367.905287393364,"{'regressor_1': 40.79134981652979, 'regressor_2': 13869.474184172364}","[5723, 4827]"
11,3,2,"[[3.6850648], [3.84704399675, 4.0090231935]]","[[3.84704399675], [4.0090231935, 4.332981587]]",166.6221838862559,6314.078049194313,"{'regressor_1': 44.390918791477475, 'regressor_2': 13756.082300580432}","[5726, 4824]"
12,3,2,"[[3.6850648], [3.84704399675, 4.0090231935]]","[[3.84704399675], [4.0090231935, 4.332981587]]",187.2060745971564,6318.008268151659,"{'regressor_1': 50.32004224860336, 'regressor_2': 13763.325181874738}","[5728, 4822]"
13,3,2,"[[3.6850749], [3.84705157175, 4.0090282434999995]]","[[3.84705157175], [4.0090282434999995, 4.332981587]]",191.2500551658768,6873.652442843603,"{'regressor_1': 40.78061765734266, 'regressor_2': 14965.583465631471}","[5720, 4830]"
14,3,2,"[[3.6850648], [3.84704399675, 4.0090231935]]","[[3.84704399675], [4.0090231935, 4.332981587]]",188.31546483412322,6632.885651184835,"{'regressor_1': 43.231624169289965, 'regressor_2': 14430.824750206952}","[5718, 4832]"
15,3,2,"[[3.6850648], [3.84704399675, 4.0090231935]]","[[3.84704399675], [4.0090231935, 4.332981587]]",187.12916928909954,7005.088573744077,"{'regressor_1': 45.95511740041929, 'regressor_2': 15259.145744094487}","[5724, 4826]"
16,3,2,"[[3.6850648], [3.8470131215, 4.0089614430000005]]","[[3.8470131215], [4.0089614430000005, 4.332858086]]",197.44947791469195,6982.359211090048,"{'regressor_1': 43.46484167249825, 'regressor_2': 15187.307538684317}","[5716, 4834]"
17,3,2,"[[3.6850648], [3.8470131215, 4.0089614430000005]]","[[3.8470131215], [4.0089614430000005, 4.332858086]]",183.28209156398103,6534.358658104265,"{'regressor_1': 40.867804686133944, 'regressor_2': 14221.4367352515}","[5719, 4831]"
18,3,2,"[[3.6850749], [3.84705157175, 4.0090282434999995]]","[[3.84705157175], [4.0090282434999995, 4.332981587]]",179.137403507109,6422.716474312797,"{'regressor_1': 41.297754149921374, 'regressor_2': 13988.670345349077}","[5723, 4827]"
19,3,2,"[[3.6850648], [3.8470131215, 4.0089614430000005]]","[[3.8470131215], [4.0089614430000005, 4.332858086]]",194.01548104265405,6569.783708341232,"{'regressor_1': 49.90467819706498, 'regressor_2': 14302.851998549522}","[5724, 4826]"
20,4,2,"[[3.6850648], [3.8146434842000003, 4.0738008526, 3.9442221684]]","[[3.8146434842000003], [3.9442221684, 4.332958221, 4.0738008526]]",190.8506312796208,10666.0386921327,"{'regressor_1': 39.97268770764119, 'regressor_2': 23245.312440695507}","[5719, 4831]"
21,4,2,"[[3.6850648], [3.8146481574, 4.0738148722, 3.9442315148000002]]","[[3.8146481574], [3.9442315148000002, 4.332981587, 4.0738148722]]",165.1416155450237,10492.64377706161,"{'regressor_1': 40.78175869299319, 'regressor_2': 22884.60696975347}","[5723, 4827]"
22,4,2,"[[3.6850648], [3.8146481574, 4.0738148722, 3.9442315148000002]]","[[3.8146481574], [3.9442315148000002, 4.332981587, 4.0738148722]]",185.05372426540288,10706.360226445497,"{'regressor_1': 47.33987578616351, 'regressor_2': 23348.762316618315}","[5724, 4826]"
23,4,2,"[[3.6850749], [3.8146562374, 4.0738189122, 3.9442375748]]","[[3.8146562374], [3.9442375748, 4.332981587, 4.0738189122]]",193.90915725118478,10895.177330616114,"{'regressor_1': 39.98473950314906, 'regressor_2': 23730.98222321059}","[5716, 4834]"
24,4,2,"[[3.6850648], [3.8146481574, 4.0738148722, 3.9442315148000002]]","[[3.8146481574], [3.9442315148000002, 4.332981587, 4.0738148722]]",190.6541159241706,10120.85980436019,"{'regressor_1': 42.657988280566734, 'regressor_2': 22042.457110904197}","[5717, 4833]"
25,4,2,"[[3.6850648], [3.8146481574, 4.0738148722, 3.9442315148000002]]","[[3.8146481574], [3.9442315148000002, 4.332981587, 4.0738148722]]",186.89463099526066,10259.633563791469,"{'regressor_1': 45.912907391228366, 'regressor_2': 22369.250990055934}","[5723, 4827]"
26,4,2,"[[3.6850648], [3.8146234572, 4.0737407716, 3.9441821144]]","[[3.8146234572], [3.9441821144, 4.332858086, 4.0737407716]]",199.46336218009478,10619.38015914692,"{'regressor_1': 43.25144191742478, 'regressor_2': 23125.203855399253}","[5716, 4834]"
27,4,2,"[[3.6850648], [3.8146234572, 4.0737407716, 3.9441821144]]","[[3.8146234572], [3.9441821144, 4.332858086, 4.0737407716]]",182.26653450236967,10503.044068815167,"{'regressor_1': 36.884629046369206, 'regressor_2': 22874.109466597725}","[5715, 4835]"
28,4,2,"[[3.6850749], [3.8146562374, 4.0738189122, 3.9442375748]]","[[3.8146562374], [3.9442375748, 4.332981587, 4.0738189122]]",180.70501004739336,11019.109016682465,"{'regressor_1': 39.61850131095963, 'regressor_2': 24026.701735348935}","[5721, 4829]"
29,4,2,"[[3.6850648], [3.8146234572, 4.0737407716, 3.9441821144]]","[[3.8146234572], [3.9441821144, 4.332858086, 4.0737407716]]",193.90321677725117,10559.252239526068,"{'regressor_1': 45.4090365448505, 'regressor_2': 23005.67519085075}","[5719, 4831]"
30,5,2,"[[3.6850648], [3.7930470368333333, 4.116993747333334, 3.901029273666667, 4.009011510500001]]","[[3.7930470368333333], [3.901029273666667, 4.332958221, 4.009011510500001, 4.116993747333334]]",190.92546142180097,11184.30891450237,"{'regressor_1': 51.257838608148276, 'regressor_2': 24363.758118194994}","[5719, 4831]"
31,5,2,"[[3.6850648], [3.793050931166667, 4.117009324666666, 3.9010370623333332, 4.0090231935]]","[[3.793050931166667], [3.9010370623333332, 4.332981587, 4.0090231935, 4.117009324666666]]",164.1157655924171,10839.014666066349,"{'regressor_1': 48.52536752883607, 'regressor_2': 23627.57716942834}","[5722, 4828]"
32,5,2,"[[3.6850648], [3.793050931166667, 4.117009324666666, 3.9010370623333332, 4.0090231935]]","[[3.793050931166667], [3.9010370623333332, 4.332981587, 4.0090231935, 4.117009324666666]]",186.13651563981043,10939.811387488153,"{'regressor_1': 58.227616634632184, 'regressor_2': 23841.262375802777}","[5723, 4827]"
33,5,2,"[[3.6850749], [3.793059347833333, 3.901043795666667, 4.0090282434999995]]","[[3.793059347833333], [3.901043795666667, 4.0090282434999995, 4.117012691333334]]",192.66154777251185,360.2419339336493,"{'regressor_1': 37.86731018194542, 'regressor_2': 14779.46406097561}","[5716, 164]"
34,5,2,"[[3.6850648], [3.793050931166667, 4.117009324666666, 3.9010370623333332, 4.0090231935]]","[[3.793050931166667], [3.9010370623333332, 4.332981587, 4.0090231935, 4.117009324666666]]",189.72760938388626,10920.329067677725,"{'regressor_1': 49.766411795589775, 'regressor_2': 23764.49677150538}","[5714, 4836]"
35,5,2,"[[3.6850648], [3.793050931166667, 4.117009324666666, 3.9010370623333332, 4.0090231935]]","[[3.793050931166667], [3.9010370623333332, 4.332981587, 4.0090231935, 4.117009324666666]]",186.76473516587677,10824.40725734597,"{'regressor_1': 84.98666917161832, 'regressor_2': 23552.444665285835}","[5722, 4828]"
36,5,2,"[[3.6850648], [3.793030347666667, 3.9009958953333332, 4.0089614430000005]]","[[3.793030347666667], [3.9009958953333332, 4.0089614430000005, 4.116926990666666]]",199.60647090047397,341.62093914691945,"{'regressor_1': 34.87783703833363, 'regressor_2': 14160.154670967742}","[5713, 155]"
37,5,2,"[[3.6850648], [3.793030347666667, 4.116926990666666, 3.9009958953333332, 4.0089614430000005]]","[[3.793030347666667], [3.9009958953333332, 4.332858086, 4.0089614430000005, 4.116926990666666]]",183.90306644549764,11298.411288246445,"{'regressor_1': 43.57954804831087, 'regressor_2': 24591.537964234027}","[5713, 4837]"
38,5,2,"[[3.6850749], [3.793059347833333, 4.117012691333334, 3.901043795666667, 4.0090282434999995]]","[[3.793059347833333], [3.901043795666667, 4.332981587, 4.0090282434999995, 4.117012691333334]]",182.23273668246443,10899.62805393365,"{'regressor_1': 77.6044270979021, 'regressor_2': 23715.77197639751}","[5720, 4830]"
39,5,2,"[[3.6850648], [3.793030347666667, 4.116926990666666, 3.9009958953333332, 4.0089614430000005]]","[[3.793030347666667], [3.9009958953333332, 4.332858086, 4.0089614430000005, 4.116926990666666]]",194.4848656872038,10878.95097042654,"{'regressor_1': 83.74036522651741, 'regressor_2': 23648.70454583075}","[5717, 4833]"
40,6,2,"[[3.6850648], [3.777621003, 3.962733409, 3.870177206]]","[[3.777621003], [3.870177206, 4.055289612, 3.962733409]]",194.1823962085308,295.8880996208531,"{'regressor_1': 158.38175946040644, 'regressor_2': 10175.871000000001}","[5708, 78]"
41,6,2,"[[3.6850648], [3.777624341, 3.962743423, 3.870183882]]","[[3.777624341], [3.870183882, 4.055302964, 3.962743423]]",165.9558018957346,261.0480947867298,"{'regressor_1': 160.96880174978125, 'regressor_2': 9533.146073529411}","[5715, 68]"
42,6,2,"[[3.6850648], [3.777624341, 3.962743423, 3.870183882]]","[[3.777624341], [3.870183882, 4.055302964, 3.962743423]]",184.4054851184834,277.3380600947868,"{'regressor_1': 159.92591407070353, 'regressor_2': 10559.025375}","[5714, 72]"
43,6,2,"[[3.6850749], [3.7776329981428574, 3.9627491944285715, 3.8701910962857142]]","[[3.7776329981428574], [3.8701910962857142, 4.055307292571428, 3.9627491944285715]]",191.5299272985782,292.5663025592417,"{'regressor_1': 163.45062754029433, 'regressor_2': 10302.685987500001}","[5708, 80]"
44,6,2,"[[3.6850648], [3.777624341, 3.962743423, 3.870183882]]","[[3.777624341], [3.870183882, 4.055302964, 3.962743423]]",190.59418928909957,295.2822442654028,"{'regressor_1': 164.8830718290119, 'regressor_2': 11058.859901234568}","[5708, 81]"
45,6,2,"[[3.6850648], [3.777624341, 3.962743423, 3.870183882]]","[[3.777624341], [3.870183882, 4.055302964, 3.962743423]]",186.04999990521327,282.8148281516588,"{'regressor_1': 163.7461571853667, 'regressor_2': 9187.13746478873}","[5713, 71]"
46,6,2,"[[3.6850648], [3.777606698, 3.9626904940000003, 3.870148596]]","[[3.777606698], [3.870148596, 4.055232392, 3.9626904940000003]]",199.34577033175358,297.5285223696683,"{'regressor_1': 158.1271140304782, 'regressor_2': 11183.340641025643}","[5709, 78]"
47,6,2,"[[3.6850648], [3.777606698, 3.9626904940000003, 3.870148596]]","[[3.777606698], [3.870148596, 4.055232392, 3.9626904940000003]]",183.7595411374408,275.2346117535545,"{'regressor_1': 156.47443899018234, 'regressor_2': 9238.86}","[5704, 81]"
48,6,2,"[[3.6850749], [3.7776329981428574, 3.9627491944285715, 3.8701910962857142]]","[[3.7776329981428574], [3.8701910962857142, 4.055307292571428, 3.9627491944285715]]",180.98172739336496,274.9503716587677,"{'regressor_1': 151.77037944317985, 'regressor_2': 9184.727845070422}","[5711, 71]"
49,6,2,"[[3.6850648], [3.777606698, 3.9626904940000003, 3.870148596]]","[[3.777606698], [3.870148596, 4.055232392, 3.9626904940000003]]",194.78623573459717,283.6047517535545,"{'regressor_1': 173.54700367904695, 'regressor_2': 8190.321555555556}","[5708, 72]"
50,7,2,"[[3.6850648], [3.766051477625, 3.9280248328750003, 4.009011510500001, 3.84703815525]]","[[3.766051477625], [3.84703815525, 4.009011510500001, 4.0899981881250005, 3.9280248328750003]]",191.77785033175354,266.5105891943128,"{'regressor_1': 30.768003153468815, 'regressor_2': 13663.43294680851}","[5708, 94]"
51,7,2,"[[3.6850648], [3.766054398375, 3.928033595125, 4.0090231935, 3.84704399675]]","[[3.766054398375], [3.84704399675, 4.0090231935, 4.090012791875, 3.928033595125]]",165.26062094786732,245.763457535545,"{'regressor_1': 30.865178827646545, 'regressor_2': 14207.410107526877}","[5715, 93]"
52,7,2,"[[3.6850648], [3.766054398375, 3.928033595125, 4.0090231935, 3.84704399675]]","[[3.766054398375], [3.84704399675, 4.0090231935, 4.090012791875, 3.928033595125]]",185.66034227488151,250.39458872037918,"{'regressor_1': 33.67601313025211, 'regressor_2': 13748.423956989249}","[5712, 93]"
53,7,2,"[[3.6850749], [3.766063235875, 3.928039907625, 4.0090282434999995, 3.84705157175]]","[[3.766063235875], [3.84705157175, 4.0090282434999995, 4.090016579375, 3.928039907625]]",192.36799924170614,265.018032985782,"{'regressor_1': 35.45589290096407, 'regressor_2': 13146.57681}","[5705, 100]"
54,7,2,"[[3.6850648], [3.766054398375, 3.928033595125, 4.0090231935, 3.84704399675]]","[[3.766054398375], [3.84704399675, 4.0090231935, 4.090012791875, 3.928033595125]]",192.06916995260661,269.1175047393365,"{'regressor_1': 36.39293027330063, 'regressor_2': 14022.490841584158}","[5708, 101]"
55,7,2,"[[3.6850648], [3.766054398375, 3.928033595125, 4.0090231935, 3.84704399675]]","[[3.766054398375], [3.84704399675, 4.0090231935, 4.090012791875, 3.928033595125]]",186.9556124170616,261.99643838862556,"{'regressor_1': 38.99877406370319, 'regressor_2': 13183.07348888889}","[5714, 90]"
56,7,2,"[[3.6850648], [3.76603896075, 3.92798728225, 4.0089614430000005, 3.8470131215]]","[[3.76603896075], [3.8470131215, 4.0089614430000005, 4.08993560375, 3.92798728225]]",198.91106255924174,278.19413734597157,"{'regressor_1': 36.87513069376314, 'regressor_2': 14409.426744897959}","[5708, 98]"
57,7,2,"[[3.6850648], [3.76603896075, 3.92798728225, 4.0089614430000005, 3.8470131215]]","[[3.76603896075], [3.8470131215, 4.0089614430000005, 4.08993560375, 3.92798728225]]",185.91678635071088,251.67881213270144,"{'regressor_1': 33.34907276871822, 'regressor_2': 12316.86124752475}","[5703, 101]"
58,7,2,"[[3.6850749], [3.766063235875, 3.928039907625, 4.0090282434999995, 3.84705157175]]","[[3.766063235875], [3.84705157175, 4.0090282434999995, 4.090016579375, 3.928039907625]]",181.2238695734597,263.87330568720375,"{'regressor_1': 33.43423936263351, 'regressor_2': 13874.348139784946}","[5711, 93]"
59,7,2,"[[3.6850648], [3.76603896075, 3.92798728225, 4.0089614430000005, 3.8470131215]]","[[3.76603896075], [3.8470131215, 4.0089614430000005, 4.08993560375, 3.92798728225]]",195.4563469194313,275.0792078672986,"{'regressor_1': 39.41794759901858, 'regressor_2': 13545.498885714285}","[5706, 105]"
60,8,2,"[[3.6850648], [3.757052957888889, 3.901029273666667, 4.045005589444445, 3.8290411157777777, 3.9730174315555558]]","[[3.757052957888889], [3.8290411157777777, 3.9730174315555558, 4.116993747333334, 3.901029273666667, 4.045005589444445]]",192.1280015165877,455.528456113744,"{'regressor_1': 73.872096197652, 'regressor_2': 18454.47130635838}","[5707, 173]"
61,8,2,"[[3.6850648], [3.757055554111111, 3.9010370623333332, 3.8290463082222224, 4.0450185705555555]]","[[3.757055554111111], [3.8290463082222224, 3.9730278164444446, 3.9010370623333332, 4.117009324666666]]",166.41465478672984,395.5730062559242,"{'regressor_1': 28.16437153873116, 'regressor_2': 18307.987902439025}","[5706, 164]"
62,8,2,"[[3.6850648], [3.757055554111111, 3.9010370623333332, 4.0450185705555555, 3.8290463082222224, 3.9730278164444446]]","[[3.757055554111111], [3.8290463082222224, 3.9730278164444446, 4.117009324666666, 3.9010370623333332, 4.0450185705555555]]",184.75514350710904,441.6291581042654,"{'regressor_1': 104.73317037296445, 'regressor_2': 18416.560179012347}","[5711, 162]"
63,8,2,"[[3.6850749], [3.757064531888889, 3.901043795666667, 3.8290541637777777]]","[[3.757064531888889], [3.8290541637777777, 3.9730334275555554, 3.901043795666667]]",191.950823507109,276.7776907109005,"{'regressor_1': 163.7217827459232, 'regressor_2': 8682.491942028988}","[5703, 69]"
64,8,2,"[[3.6850648], [3.757055554111111, 3.9010370623333332, 3.8290463082222224, 4.0450185705555555]]","[[3.757055554111111], [3.8290463082222224, 3.9730278164444446, 3.9010370623333332, 4.117009324666666]]",188.86164890995263,421.43056341232233,"{'regressor_1': 35.889951629863305, 'regressor_2': 18557.815232142857}","[5706, 168]"
65,8,2,"[[3.6850648], [3.757055554111111, 3.9010370623333332, 3.8290463082222224, 4.0450185705555555]]","[[3.757055554111111], [3.8290463082222224, 3.9730278164444446, 3.9010370623333332, 4.117009324666666]]",185.9420425592417,404.32953971563984,"{'regressor_1': 33.99269509632224, 'regressor_2': 18221.731051612904}","[5710, 155]"
66,8,2,"[[3.6850648], [3.757041831777778, 3.9009958953333332, 3.8290188635555555, 4.044949958888889]]","[[3.757041831777778], [3.8290188635555555, 3.972972927111111, 3.9009958953333332, 4.116926990666666]]",197.257295450237,382.027494407583,"{'regressor_1': 36.21873751533205, 'regressor_2': 17811.714552447556}","[5707, 143]"
67,8,2,"[[3.6850648], [3.757041831777778, 3.9009958953333332, 3.8290188635555555, 4.044949958888889]]","[[3.757041831777778], [3.8290188635555555, 3.972972927111111, 3.9009958953333332, 4.116926990666666]]",185.6152983886256,399.83443668246446,"{'regressor_1': 31.655715488510797, 'regressor_2': 17209.545682352942}","[5701, 170]"
68,8,2,"[[3.6850749], [3.757064531888889, 3.901043795666667, 3.8290541637777777, 4.0450230594444445]]","[[3.757064531888889], [3.8290541637777777, 3.9730334275555554, 3.901043795666667, 4.117012691333334]]",180.97537033175354,405.7533799052132,"{'regressor_1': 32.051869153967424, 'regressor_2': 18327.175288461534}","[5709, 156]"
69,8,2,"[[3.6850648], [3.757041831777778, 3.9009958953333332, 3.8290188635555555, 4.044949958888889]]","[[3.757041831777778], [3.8290188635555555, 3.972972927111111, 3.9009958953333332, 4.116926990666666]]",192.87260985781987,438.65076644549765,"{'regressor_1': 34.69178699158485, 'regressor_2': 18561.867016853932}","[5704, 178]"
70,9,2,"[[3.6850648], [3.7498541421000002, 3.9442221684, 3.8794328263, 4.0738008526, 3.8146434842000003]]","[[3.7498541421000002], [3.8146434842000003, 4.009011510500001, 3.9442221684, 4.1385901947, 3.8794328263]]",191.5114626540284,6813.712793364929,"{'regressor_1': 73.15372147239265, 'regressor_2': 26782.216385024705}","[5705, 2631]"
71,9,2,"[[3.6850648], [3.7498564787, 3.8146481574, 4.0738148722, 3.8794398361]]","[[3.7498564787], [3.8146481574, 3.8794398361, 4.1386065509, 3.9442315148000002]]",165.52226236966825,6597.8037478672995,"{'regressor_1': 67.0832138475022, 'regressor_2': 26286.9212816358}","[5705, 2592]"
72,9,2,"[[3.6850648], [3.7498564787, 3.9442315148000002, 3.8794398361, 4.0738148722, 3.8146481574]]","[[3.7498564787], [3.8146481574, 4.0090231935, 3.9442315148000002, 4.1386065509, 3.8794398361]]",184.92642454976303,6631.576600568719,"{'regressor_1': 72.66179035933392, 'regressor_2': 26141.990868290828}","[5705, 2627]"
73,9,2,"[[3.6850749], [3.7498655687, 3.9442375748, 3.8794469061, 3.8146562374]]","[[3.7498655687], [3.8146562374, 4.0090282434999995, 3.9442375748, 3.8794469061]]",192.30526511848342,279.9228421800948,"{'regressor_1': 165.35306576639778, 'regressor_2': 8741.50046478873}","[5702, 71]"
74,9,2,"[[3.6850648], [3.7498564787, 3.9442315148000002, 3.8794398361, 4.0738148722, 3.8146481574]]","[[3.7498564787], [3.8146481574, 4.0090231935, 3.9442315148000002, 4.1386065509, 3.8794398361]]",190.11544758293834,6692.424479620852,"{'regressor_1': 73.13163527967737, 'regressor_2': 26232.720210068128}","[5703, 2642]"
75,9,2,"[[3.6850648], [3.7498564787, 3.9442315148000002, 3.8794398361, 3.8146481574]]","[[3.7498564787], [3.8146481574, 4.0090231935, 3.9442315148000002, 3.8794398361]]",187.9457739336493,288.26745004739337,"{'regressor_1': 164.8011928196147, 'regressor_2': 10048.005205882351}","[5710, 68]"
76,9,2,"[[3.6850648], [3.7498441286, 3.9441821144, 3.8794027858, 4.0737407716, 3.8146234572]]","[[3.7498441286], [3.8146234572, 4.0089614430000005, 3.9441821144, 4.1385201002, 3.8794027858]]",198.98273848341236,6928.6027507109,"{'regressor_1': 73.93614438408972, 'regressor_2': 27320.385309333335}","[5707, 2625]"
77,9,2,"[[3.6850648], [3.7498441286, 3.9441821144, 3.8794027858, 3.8146234572]]","[[3.7498441286], [3.8146234572, 4.0089614430000005, 3.9441821144, 3.8794027858]]",183.27823886255922,266.86691810426544,"{'regressor_1': 155.8490645954011, 'regressor_2': 8441.650526315789}","[5697, 76]"
78,9,2,"[[3.6850749], [3.7498655687, 3.9442375748, 3.8794469061, 3.8146562374]]","[[3.7498655687], [3.8146562374, 4.0090282434999995, 3.9442375748, 3.8794469061]]",180.26669857819905,275.1605339336493,"{'regressor_1': 158.6033340339814, 'regressor_2': 9131.909333333333}","[5709, 66]"
79,9,2,"[[3.6850648], [3.7498441286, 3.9441821144, 3.8794027858, 4.0737407716, 3.8146234572]]","[[3.7498441286], [3.8146234572, 4.0089614430000005, 3.9441821144, 4.1385201002, 3.8794027858]]",193.20342161137444,6640.008739241707,"{'regressor_1': 77.98391108383024, 'regressor_2': 26136.844964231354}","[5702, 2628]"
80,10,2,"[[3.6850648], [3.743964201909091, 3.920662407636364, 4.097360613363636, 3.802863603818182, 4.038461211454545]]","[[3.743964201909091], [3.802863603818182, 3.9795618095454546, 4.156260015272728, 3.8617630057272727, 4.097360613363636]]",190.8703872985782,12993.792239336493,"{'regressor_1': 70.21585919691391, 'regressor_2': 31064.68051757991}","[5703, 4380]"
81,10,3,"[[3.6850648], [3.7439663260909093, 3.9206709043636363, 3.9795724304545455, 3.861769378272727], [3.8028678521818184]]","[[3.7439663260909093], [3.8028678521818184, 3.9795724304545455, 4.038473956545454, 3.9206709043636363], [3.861769378272727]]",163.94105488151658,268.39715374407587,"{'regressor_1': 156.9616224793968, 'regressor_2': 10105.719232876712, 'regressor_3': 4733.469749999999}","[5703, 73, 4]"
82,10,4,"[[3.6850648], [3.7439663260909093, 3.9206709043636363, 4.097375482636363], [3.8028678521818184, 3.9795724304545455], [3.861769378272727]]","[[3.7439663260909093], [3.8028678521818184, 3.9795724304545455, 4.1562770087272725], [3.861769378272727, 4.038473956545454], [3.9206709043636363]]",185.26908284360195,13051.954539810427,"{'regressor_1': 129.9749316149395, 'regressor_2': 31259.676383008038, 'regressor_3': 11343.695384615385, 'regressor_4': 2542.0718}","[5703, 4355, 13, 15]"
83,10,2,"[[3.6850749], [3.743975507909091, 3.9206773316363637, 4.038478547454545, 3.9795779395454547, 3.8028761158181816]]","[[3.743975507909091], [3.8028761158181816, 3.9795779395454547, 4.097379155363637, 4.038478547454545, 3.8617767237272727]]",190.87308938388625,376.1984451184834,"{'regressor_1': 105.41971100193018, 'regressor_2': 18053.880928571427}","[5699, 112]"
84,10,3,"[[3.6850648], [3.7439663260909093, 3.9206709043636363, 3.9795724304545455, 3.861769378272727], [3.8028678521818184]]","[[3.7439663260909093], [3.8028678521818184, 3.9795724304545455, 4.038473956545454, 3.9206709043636363], [3.861769378272727]]",190.3417327014218,288.1422485308056,"{'regressor_1': 165.3822259252763, 'regressor_2': 10003.224263157896, 'regressor_3': 5103.158333333333}","[5701, 76, 3]"
85,10,2,"[[3.6850648], [3.7439663260909093, 3.9206709043636363, 4.097375482636363, 3.8028678521818184, 3.9795724304545455]]","[[3.7439663260909093], [3.8028678521818184, 3.9795724304545455, 4.1562770087272725, 3.861769378272727, 4.038473956545454]]",187.95762530805686,13055.193732132699,"{'regressor_1': 109.14017318141981, 'regressor_2': 31244.946615032084}","[5705, 4364]"
86,10,3,"[[3.6850648], [3.7439550987272727, 3.920625994909091, 4.097296891090909], [3.8028453974545458, 3.8617356961818183, 3.9795162936363635, 4.0384065923636365]]","[[3.7439550987272727], [3.8028453974545458, 3.9795162936363635, 4.156187189818182], [3.8617356961818183, 3.920625994909091, 4.0384065923636365, 4.097296891090909]]",198.70398521327016,13218.837890047394,"{'regressor_1': 105.24369861573507, 'regressor_2': 31468.47594926538, 'regressor_3': 15965.037423076923}","[5707, 4356, 78]"
87,10,2,"[[3.6850648], [3.7439550987272727, 3.920625994909091, 4.097296891090909, 3.8617356961818183, 3.8028453974545458]]","[[3.7439550987272727], [3.8028453974545458, 3.9795162936363635, 4.156187189818182, 3.920625994909091, 3.8617356961818183]]",183.46019052132704,12926.50607308057,"{'regressor_1': 70.01199455853958, 'regressor_2': 30968.400896567506}","[5697, 4370]"
88,10,3,"[[3.6850749], [3.743975507909091, 3.9206773316363637, 4.097379155363637], [3.8028761158181816, 3.8617767237272727, 3.9795779395454547, 4.038478547454545]]","[[3.743975507909091], [3.8028761158181816, 3.9795779395454547, 4.156279763272727], [3.8617767237272727, 3.9206773316363637, 4.038478547454545, 4.097379155363637]]",180.9691654028436,13039.267175165873,"{'regressor_1': 91.72570511921457, 'regressor_2': 31284.928173490625, 'regressor_3': 14669.432076923076}","[5704, 4323, 78]"
89,10,2,"[[3.6850648], [3.7439550987272727, 3.920625994909091, 4.097296891090909, 3.8617356961818183, 3.8028453974545458]]","[[3.7439550987272727], [3.8028453974545458, 3.9795162936363635, 4.156187189818182, 3.920625994909091, 3.8617356961818183]]",193.90611545023694,13048.341057725116,"{'regressor_1': 106.02474503602177, 'regressor_2': 31231.67906851512}","[5691, 4364]"
90,11,3,"[[3.6850648], [3.7390559184166667, 3.901029273666667, 4.063002628916667, 4.116993747333334, 3.7930470368333333], [3.84703815525, 3.9550203920833336]]","[[3.7390559184166667], [3.7930470368333333, 3.9550203920833336, 4.116993747333334, 4.17098486575, 3.84703815525], [3.901029273666667, 4.009011510500001]]",191.28089848341233,12838.021038672983,"{'regressor_1': 162.59135083406494, 'regressor_2': 29428.57253820817, 'regressor_3': 5519.80425}","[5695, 4554, 16]"
91,11,2,"[[3.6850648], [3.7390578655833333, 3.9010370623333332, 4.0090231935, 3.84704399675, 3.793050931166667]]","[[3.7390578655833333], [3.793050931166667, 3.955030127916667, 4.063016259083334, 3.9010370623333332, 3.84704399675]]",165.5170888151659,270.08585298578197,"{'regressor_1': 100.42103, 'regressor_2': 12020.65332967033}","[5700, 91]"
92,11,3,"[[3.6850648], [3.7390578655833333, 3.9010370623333332, 4.063016259083334], [3.793050931166667, 4.0090231935, 3.84704399675]]","[[3.7390578655833333], [3.793050931166667, 3.955030127916667, 4.117009324666666], [3.84704399675, 4.063016259083334, 3.9010370623333332]]",185.90102805687206,461.1266854976303,"{'regressor_1': 128.43751420554193, 'regressor_2': 18978.220561643833, 'regressor_3': 10572.25584}","[5702, 146, 25]"
93,11,2,"[[3.6850749], [3.7390671239166666, 3.901043795666667, 4.0090282434999995, 3.84705157175, 3.793059347833333]]","[[3.7390671239166666], [3.793059347833333, 3.9550360195833334, 4.063020467416667, 3.901043795666667, 3.84705157175]]",193.23360682464454,298.16429450236967,"{'regressor_1': 105.6335494910495, 'regressor_2': 12734.020031914893}","[5698, 94]"
94,11,2,"[[3.6850648], [3.7390578655833333, 3.9010370623333332, 4.0090231935, 3.84704399675, 3.793050931166667]]","[[3.7390578655833333], [3.793050931166667, 3.955030127916667, 4.063016259083334, 3.9010370623333332, 3.84704399675]]",191.44075440758294,290.1335332701422,"{'regressor_1': 104.6192325663095, 'regressor_2': 12030.082855670104}","[5693, 97]"
95,11,3,"[[3.6850648], [3.7390578655833333, 3.9010370623333332, 4.063016259083334, 3.793050931166667], [3.84704399675, 3.955030127916667, 4.117009324666666]]","[[3.7390578655833333], [3.793050931166667, 3.955030127916667, 4.117009324666666, 3.84704399675], [3.9010370623333332, 4.0090231935, 4.17100239025]]",187.69425535545022,9385.126750331754,"{'regressor_1': 164.94148335085873, 'regressor_2': 18549.548671641787, 'regressor_3': 21452.768504394862}","[5706, 134, 4437]"
96,11,3,"[[3.6850648], [3.7390475738333335, 3.9009958953333332, 4.062944216833333, 3.793030347666667], [3.8470131215, 3.9549786691666666, 4.116926990666666]]","[[3.7390475738333335], [3.793030347666667, 3.9549786691666666, 4.116926990666666, 3.8470131215], [3.9009958953333332, 4.0089614430000005, 4.1709097645]]",199.06200606635068,9708.214571848343,"{'regressor_1': 165.62151007887817, 'regressor_2': 18453.449463235294, 'regressor_3': 22267.182648746333}","[5705, 136, 4427]"
97,11,2,"[[3.6850648], [3.7390475738333335, 3.9009958953333332, 4.0089614430000005, 3.8470131215, 3.793030347666667]]","[[3.7390475738333335], [3.793030347666667, 3.9549786691666666, 4.062944216833333, 3.9009958953333332, 3.8470131215]]",184.57967781990519,259.1466248341232,"{'regressor_1': 70.32877502634352, 'regressor_2': 11304.455064516133}","[5694, 93]"
98,11,3,"[[3.6850749], [3.7390671239166666, 3.901043795666667, 4.063020467416667, 3.793059347833333], [3.84705157175, 3.9550360195833334, 4.117012691333334]]","[[3.7390671239166666], [3.793059347833333, 3.9550360195833334, 4.117012691333334, 3.84705157175], [3.901043795666667, 4.0090282434999995, 4.17100491525]]",180.8762676777251,9541.702271469192,"{'regressor_1': 156.84219217955462, 'regressor_2': 18508.696442857145, 'regressor_3': 21992.567928798904}","[5703, 140, 4396]"
99,11,2,"[[3.6850648], [3.7390475738333335, 3.9009958953333332, 4.0089614430000005, 3.8470131215, 3.793030347666667]]","[[3.7390475738333335], [3.793030347666667, 3.9549786691666666, 4.062944216833333, 3.9009958953333332, 3.8470131215]]",193.84025203791467,274.9071580094786,"{'regressor_1': 101.07709599156117, 'regressor_2': 9621.785287234043}","[5688, 94]"
100,12,2,"[[3.6850648], [3.7349027554615386, 3.784740710923077, 3.9342545773076925, 3.8345786663846155]]","[[3.7349027554615386], [3.784740710923077, 3.8345786663846155, 3.984092532769231, 3.884416621846154]]",190.77507639810423,223.5614633175355,"{'regressor_1': 76.61053100298612, 'regressor_2': 5791.3935675675675}","[5693, 37]"
101,12,3,"[[3.6850648], [3.734904552846154, 3.784744305692308], [3.8345840585384616, 3.9342635642307693, 3.8844238113846155]]","[[3.734904552846154], [3.784744305692308, 3.8345840585384616], [3.8844238113846155, 3.984103317076923, 3.9342635642307693]]",165.43527289099526,216.58143639810427,"{'regressor_1': 119.11301263601266, 'regressor_2': 2087.603, 'regressor_3': 7156.9641}","[5698, 28, 50]"
102,12,2,"[[3.6850648], [3.734904552846154, 3.784744305692308, 3.8844238113846155, 3.8345840585384616]]","[[3.734904552846154], [3.784744305692308, 3.8345840585384616, 3.9342635642307693, 3.8844238113846155]]",185.69445981042654,214.03904056872037,"{'regressor_1': 65.53162603052095, 'regressor_2': 6237.079872340423}","[5701, 47]"
103,12,3,"[[3.6850749], [3.734913875923077, 3.9342697796153847, 4.033947731461539], [3.7847528518461537, 3.884430803692308, 3.8345918277692306]]","[[3.734913875923077], [3.7847528518461537, 3.9841087555384616, 4.083786707384616], [3.8345918277692306, 3.9342697796153847, 3.884430803692308]]",192.18457696682464,277.0925132701422,"{'regressor_1': 62.356604565408254, 'regressor_2': 15084.010956521739, 'regressor_3': 7155.875969696969}","[5695, 69, 33]"
104,12,3,"[[3.6850648], [3.734904552846154, 3.784744305692308], [3.8345840585384616, 4.033943069923077, 3.9342635642307693, 3.8844238113846155]]","[[3.734904552846154], [3.784744305692308, 3.8345840585384616], [3.8844238113846155, 4.083782822769231, 3.984103317076923, 3.9342635642307693]]",190.3944883412322,226.94851706161134,"{'regressor_1': 56.5792866174921, 'regressor_2': 2711.8867826086953, 'regressor_3': 9793.41097260274}","[5694, 23, 73]"
105,12,2,"[[3.6850648], [3.734904552846154, 3.9342635642307693, 4.133622575615385, 3.784744305692308]]","[[3.734904552846154], [3.784744305692308, 3.984103317076923, 4.183462328461538, 3.8345840585384616]]",186.88722009478673,7978.817163317535,"{'regressor_1': 163.8167415395406, 'regressor_2': 36747.77343169643}","[5703, 2240]"
106,12,3,"[[3.6850648], [3.734895052769231, 3.934216063846154, 4.083706822153846], [3.7847253055384615, 3.8345555583076925, 4.133537074923077]]","[[3.734895052769231], [3.7847253055384615, 3.9840463166153848, 4.133537074923077], [3.8345555583076925, 3.884385811076923, 4.183367327692308]]",198.22973099526064,13003.348477914691,"{'regressor_1': 61.55022596491228, 'regressor_2': 26662.874540139976, 'regressor_3': 31934.954397595728}","[5700, 2429, 2246]"
107,12,3,"[[3.6850648], [3.734895052769231, 3.7847253055384615, 3.9840463166153848, 3.884385811076923], [3.8345555583076925]]","[[3.734895052769231], [3.7847253055384615, 3.8345555583076925, 4.033876569384615, 3.934216063846154], [3.884385811076923]]",185.81039791469192,280.74097033175354,"{'regressor_1': 153.61808715515727, 'regressor_2': 8349.019018867926, 'regressor_3': 9241.358499999998}","[5691, 53, 6]"
108,12,3,"[[3.6850749], [3.734913875923077, 3.9342697796153847, 4.1336256833076925], [3.7847528518461537, 3.8345918277692306, 3.884430803692308]]","[[3.734913875923077], [3.7847528518461537, 3.9841087555384616, 4.183464659230769], [3.8345918277692306, 3.884430803692308, 3.9342697796153847]]",178.43996644549765,7545.459080853081,"{'regressor_1': 118.7761112085599, 'regressor_2': 35452.64083151184, 'regressor_3': 7898.771509433964}","[5701, 2196, 53]"
109,12,2,"[[3.6850648], [3.734895052769231, 3.934216063846154, 4.083706822153846, 3.8345555583076925, 3.7847253055384615]]","[[3.734895052769231], [3.7847253055384615, 3.9840463166153848, 4.133537074923077, 3.884385811076923, 3.8345555583076925]]",196.7096523222749,6400.539878672987,"{'regressor_1': 64.07680077369439, 'regressor_2': 27043.141040557144}","[5687, 2441]"
110,13,3,"[[3.6850648], [3.7313429015, 3.777621003, 3.8238991045, 4.055289612], [3.870177206, 4.1015677135]]","[[3.7313429015], [3.777621003, 3.8238991045, 3.870177206, 4.1015677135], [3.9164553075, 4.147845815]]",191.61641630331755,4612.301109478672,"{'regressor_1': 161.55718197786754, 'regressor_2': 17516.691612244897, 'regressor_3': 17157.57234734429}","[5693, 98, 2617]"
111,13,2,"[[3.6850648], [3.7313445705, 3.777624341, 4.055302964, 3.8239041115]]","[[3.7313445705], [3.777624341, 3.8239041115, 4.1015827345, 3.870183882]]",165.90842815165877,370.1452174407583,"{'regressor_1': 100.01810129915731, 'regressor_2': 19162.986078431375}","[5696, 102]"
112,13,3,"[[3.6850648], [3.7313445705, 3.777624341], [3.8239041115, 3.9164636525, 4.0090231935, 3.870183882]]","[[3.7313445705], [3.777624341, 3.8239041115], [3.870183882, 3.962743423, 4.055302964, 3.9164636525]]",185.04081450236967,218.4241948815165,"{'regressor_1': 59.817182663625196, 'regressor_2': 3979.0455999999995, 'regressor_3': 9578.840262295085}","[5699, 25, 61]"
113,13,3,"[[3.6850749], [3.7313539490714285, 3.7776329981428574, 3.823912047214286], [3.8701910962857142, 4.101586341642857, 3.9164701453571427]]","[[3.7313539490714285], [3.7776329981428574, 3.823912047214286, 3.8701910962857142], [3.9164701453571427, 4.147865390714285, 3.9627491944285715]]",191.92180199052132,4398.5166177251185,"{'regressor_1': 162.6083157062544, 'regressor_2': 5142.1684000000005, 'regressor_3': 17041.471762894536}","[5692, 35, 2598]"
114,13,2,"[[3.6850648], [3.7313445705, 3.777624341, 3.870183882, 3.8239041115]]","[[3.7313445705], [3.777624341, 3.8239041115, 3.9164636525, 3.870183882]]",190.15346729857822,253.06770208530804,"{'regressor_1': 103.37743509573161, 'regressor_2': 7441.384826086957}","[5693, 46]"
115,13,3,"[[3.6850648], [3.7313445705, 3.777624341, 3.8239041115, 3.9164636525], [3.870183882, 4.1015827345]]","[[3.7313445705], [3.777624341, 3.8239041115, 3.870183882, 3.962743423], [3.9164636525, 4.147862505]]",185.99022758293836,4461.504422369669,"{'regressor_1': 164.3030864002804, 'regressor_2': 9926.469734693877, 'regressor_3': 17125.782797929445}","[5706, 49, 2608]"
116,13,3,"[[3.6850648], [3.7313357490000003, 3.777606698], [3.823877647, 4.0089614430000005, 3.870148596, 3.9626904940000003]]","[[3.7313357490000003], [3.777606698, 3.823877647], [3.870148596, 4.055232392, 3.916419545, 4.0089614430000005]]",199.81196037914688,240.09337706161136,"{'regressor_1': 61.23859273556764, 'regressor_2': 3049.6494705882346, 'regressor_3': 11290.548555555555}","[5699, 17, 36]"
117,13,2,"[[3.6850648], [3.7313357490000003, 3.777606698, 3.916419545, 4.055232392, 3.823877647]]","[[3.7313357490000003], [3.777606698, 3.823877647, 3.9626904940000003, 4.101503341, 3.870148596]]",185.65336113744078,413.9274778199053,"{'regressor_1': 114.70967094167253, 'regressor_2': 18221.841835820895}","[5692, 134]"
118,13,3,"[[3.6850749], [3.7313539490714285, 3.7776329981428574, 3.9164701453571427], [3.823912047214286, 3.8701910962857142]]","[[3.7313539490714285], [3.7776329981428574, 3.823912047214286, 3.9627491944285715], [3.8701910962857142, 3.9164701453571427]]",180.50480274881514,271.12868872037916,"{'regressor_1': 154.19777672459188, 'regressor_2': 8393.846425531914, 'regressor_3': 5940.974266666669}","[5697, 47, 30]"
119,13,2,"[[3.6850648], [3.7313357490000003, 3.777606698, 3.823877647]]","[[3.7313357490000003], [3.777606698, 3.823877647, 3.870148596]]",194.13566161137442,266.67268274881525,"{'regressor_1': 165.72886556396267, 'regressor_2': 4164.607913043477}","[5683, 46]"
120,14,2,"[[3.6850648], [3.7282576947333337, 3.771450589466667, 4.030607957866667, 3.8146434842000003]]","[[3.7282576947333337], [3.771450589466667, 3.8146434842000003, 4.0738008526, 3.8578363789333334]]",190.88273924170616,309.2159886255924,"{'regressor_1': 160.287676331049, 'regressor_2': 12326.31990909091}","[5691, 55]"
121,14,3,"[[3.6850648], [3.7282592524666667, 3.7714537049333337, 4.2033982296, 3.8578426098666667], [3.8146481574, 3.9010370623333332]]","[[3.7282592524666667], [3.7714537049333337, 3.8146481574, 4.246592682066667, 3.9010370623333332], [3.8578426098666667, 3.9442315148000002]]",165.23551706161138,270.47718928909956,"{'regressor_1': 153.175298085368, 'regressor_2': 10472.310350000002, 'regressor_3': 4815.134380952381}","[5693, 40, 21]"
122,14,3,"[[3.6850648], [3.7282592524666667, 3.7714537049333337, 4.0738148722], [3.8146481574, 3.8578426098666667, 4.030620419733333]]","[[3.7282592524666667], [3.7714537049333337, 3.8146481574, 4.117009324666666], [3.8578426098666667, 3.9010370623333332, 4.0738148722]]",184.2332127014218,441.8844054976304,"{'regressor_1': 120.53992200948534, 'regressor_2': 20026.170800000004, 'regressor_3': 11671.24751724138}","[5693, 110, 29]"
123,14,2,"[[3.6850749], [3.7282686791333335, 3.7714624582666665, 4.2034002496, 3.8146562374]]","[[3.7282686791333335], [3.7714624582666665, 3.8146562374, 4.246594028733333, 3.8578500165333334]]",191.79579071090046,299.0744512796209,"{'regressor_1': 158.79624265352808, 'regressor_2': 11650.532851063825}","[5683, 47]"
124,14,2,"[[3.6850648], [3.7282592524666667, 3.7714537049333337, 3.9442315148000002, 3.8146481574]]","[[3.7282592524666667], [3.7714537049333337, 3.8146481574, 3.9874259672666668, 3.8578426098666667]]",190.74183952606631,263.55933336492893,"{'regressor_1': 157.4216497363796, 'regressor_2': 4254.383035714285}","[5690, 28]"
125,14,3,"[[3.6850648], [3.7282592524666667, 3.7714537049333337, 4.0738148722, 3.8146481574], [3.8578426098666667, 4.117009324666666, 4.030620419733333, 3.9010370623333332, 3.9442315148000002]]","[[3.7282592524666667], [3.7714537049333337, 3.8146481574, 4.117009324666666, 3.8578426098666667], [3.9010370623333332, 4.160203777133333, 4.0738148722, 3.9442315148000002, 3.9874259672666668]]",186.56311810426544,9164.905632227488,"{'regressor_1': 162.062242498684, 'regressor_2': 20369.6953030303, 'regressor_3': 21199.926570193402}","[5699, 99, 4395]"
126,14,3,"[[3.6850648], [3.7282510190666667, 3.7714372381333336, 4.0737407716, 3.8146234572], [3.8578096762666667, 4.116926990666666, 4.030554552533333, 3.9009958953333332]]","[[3.7282510190666667], [3.7714372381333336, 3.8146234572, 4.116926990666666, 3.8578096762666667], [3.9009958953333332, 4.160113209733333, 4.0737407716, 3.9441821144]]",199.9718254028436,9427.873047867299,"{'regressor_1': 158.82660586891583, 'regressor_2': 20070.778571428575, 'regressor_3': 21853.365870835238}","[5691, 98, 4382]"
127,14,2,"[[3.6850648], [3.7282510190666667, 3.7714372381333336, 4.0737407716, 3.8578096762666667, 3.8146234572]]","[[3.7282510190666667], [3.7714372381333336, 3.8146234572, 4.116926990666666, 3.9009958953333332, 3.8578096762666667]]",183.93930966824644,436.6058608530805,"{'regressor_1': 109.35575576686037, 'regressor_2': 17876.47014184397}","[5679, 141]"
128,14,3,"[[3.6850749], [3.7282686791333335, 3.7714624582666665, 4.0738189122, 3.8146562374], [3.8578500165333334, 4.117012691333334, 4.030625133066667, 3.901043795666667, 3.9442375748]]","[[3.7282686791333335], [3.7714624582666665, 3.8146562374, 4.117012691333334, 3.8578500165333334], [3.901043795666667, 4.160206470466667, 4.0738189122, 3.9442375748, 3.9874313539333333]]",179.18247061611376,9353.820336777251,"{'regressor_1': 153.15937651395473, 'regressor_2': 20560.52143269231, 'regressor_3': 21765.980548076925}","[5697, 104, 4368]"
129,14,3,"[[3.6850648], [3.7282510190666667, 3.7714372381333336, 4.030554552533333, 3.9009958953333332, 3.8578096762666667], [3.8146234572]]","[[3.7282510190666667], [3.7714372381333336, 3.8146234572, 4.0737407716, 3.9441821144, 3.9009958953333332], [3.8578096762666667]]",193.12517033175357,320.64273289099526,"{'regressor_1': 163.4343986605569, 'regressor_2': 9622.370500000003, 'regressor_3': 6539.2584}","[5674, 84, 10]"
130,15,3,"[[3.6850648], [3.7255581388125, 3.766051477625, 4.1304915269375, 3.9280248328750003, 3.8065448164375], [4.0495048493125]]","[[3.7255581388125], [3.766051477625, 3.8065448164375, 4.17098486575, 3.9685181716875, 3.84703815525], [4.0899981881250005]]",192.44192710900475,13203.716355165878,"{'regressor_1': 70.17224683544305, 'regressor_2': 31205.85278463277, 'regressor_3': 7098.5249545454535}","[5688, 4425, 22]"
131,15,3,"[[3.6850648], [3.7255595991875, 3.766054398375, 4.0495179926875, 3.8065491975625], [3.928033595125, 4.0090231935]]","[[3.7255595991875], [3.766054398375, 3.8065491975625, 4.090012791875, 3.84704399675], [3.9685283943125, 4.0495179926875]]",165.08593592417063,284.2060097630332,"{'regressor_1': 151.51482208157526, 'regressor_2': 10921.501844827586, 'regressor_3': 9958.544184210528}","[5688, 58, 38]"
132,15,3,"[[3.6850648], [3.7255595991875, 3.766054398375, 4.0495179926875], [3.8065491975625, 3.9685283943125, 3.928033595125, 3.84704399675, 3.8875387959375]]","[[3.7255595991875], [3.766054398375, 3.8065491975625, 4.090012791875], [3.84704399675, 4.0090231935, 3.9685283943125, 3.8875387959375, 3.928033595125]]",185.54172265402846,290.1612461611374,"{'regressor_1': 123.48219768054823, 'regressor_2': 12366.662588235291, 'regressor_3': 9631.791482142857}","[5691, 51, 56]"
133,15,4,"[[3.6850749], [3.7255690679375, 3.766063235875, 4.0495224114375, 3.84705157175], [3.8065574038125], [3.8875457396875, 4.211499083187499, 4.090016579375, 3.928039907625]]","[[3.7255690679375], [3.766063235875, 3.8065574038125, 4.090016579375, 3.8875457396875], [3.84705157175], [3.928039907625, 4.251993251125, 4.1305107473125, 3.9685340755625]]",192.04006085308058,461.79585630331746,"{'regressor_1': 136.33696057726152, 'regressor_2': 11603.848833333333, 'regressor_3': 7584.434749999999, 'regressor_4': 14746.60748026316}","[5682, 66, 4, 152]"
134,15,3,"[[3.6850648], [3.7255595991875, 3.766054398375, 4.0495179926875], [3.8065491975625, 3.9685283943125, 3.928033595125, 3.84704399675, 3.8875387959375]]","[[3.7255595991875], [3.766054398375, 3.8065491975625, 4.090012791875], [3.84704399675, 4.0090231935, 3.9685283943125, 3.8875387959375, 3.928033595125]]",190.47083800947865,280.4911895734596,"{'regressor_1': 99.7110946350044, 'regressor_2': 12957.206673469387, 'regressor_3': 8238.77724590164}","[5685, 49, 61]"
135,15,3,"[[3.6850648], [3.7255595991875, 3.766054398375, 4.1305075910625], [3.8065491975625, 3.84704399675, 3.8875387959375]]","[[3.7255595991875], [3.766054398375, 3.8065491975625, 4.17100239025], [3.84704399675, 3.8875387959375, 3.928033595125]]",188.16939165876775,13586.779294786731,"{'regressor_1': 98.91679332748025, 'regressor_2': 32188.006870740574, 'regressor_3': 7581.258846153845}","[5695, 4402, 52]"
136,15,3,"[[3.6850648], [3.7255518803750003, 3.76603896075, 3.968474362625, 3.806526041125], [3.92798728225, 4.0089614430000005, 4.130422684125]]","[[3.7255518803750003], [3.76603896075, 3.806526041125, 4.0089614430000005, 3.8470131215], [3.968474362625, 4.049448523375, 4.1709097645]]",199.05318132701424,7810.1474363033185,"{'regressor_1': 160.40927662565903, 'regressor_2': 2590.1694615384613, 'regressor_3': 18231.309394308944}","[5690, 26, 4428]"
137,15,3,"[[3.6850648], [3.7255518803750003, 3.76603896075, 3.968474362625, 3.8470131215, 3.806526041125], [4.049448523375, 4.08993560375]]","[[3.7255518803750003], [3.76603896075, 3.806526041125, 4.0089614430000005, 3.887500201875, 3.8470131215], [4.08993560375, 4.130422684125]]",183.03590151658767,317.71690132701417,"{'regressor_1': 150.72805952800283, 'regressor_2': 4011.736911111111, 'regressor_3': 7434.883047244093}","[5678, 45, 127]"
138,15,3,"[[3.6850749], [3.7255690679375, 3.766063235875, 4.1305107473125, 3.8065574038125], [3.84705157175, 4.0495224114375, 3.928039907625, 3.8875457396875]]","[[3.7255690679375], [3.766063235875, 3.8065574038125, 4.17100491525, 3.84705157175], [3.8875457396875, 4.090016579375, 3.9685340755625, 3.928039907625]]",180.77717507109,13692.690155829385,"{'regressor_1': 152.44919511766773, 'regressor_2': 32584.837611276642, 'regressor_3': 10299.400111111112}","[5694, 4363, 72]"
139,15,3,"[[3.6850648], [3.7255518803750003, 3.76603896075, 4.08993560375], [3.806526041125, 3.968474362625, 3.92798728225, 3.8470131215, 3.887500201875]]","[[3.7255518803750003], [3.76603896075, 3.806526041125, 4.130422684125], [3.8470131215, 4.0089614430000005, 3.968474362625, 3.887500201875, 3.92798728225]]",193.99126341232227,474.32694995260675,"{'regressor_1': 90.35661065067889, 'regressor_2': 19823.838791666665, 'regressor_3': 7241.743192982456}","[5671, 144, 57]"
140,16,3,"[[3.6850648], [3.7231761777058825, 3.761287555411765, 4.104289954764706, 3.799398933117647, 3.8375103108235296, 4.028067199352941], [3.875621688529412, 4.142401332470588, 3.9518444439411766]]","[[3.7231761777058825], [3.761287555411765, 3.799398933117647, 4.142401332470588, 3.8375103108235296, 3.875621688529412, 4.066178577058824], [3.9137330662352943, 4.180512710176471, 3.989955821647059]]",191.47362104265403,12423.939608530809,"{'regressor_1': 40.34178357946554, 'regressor_2': 27727.574144393242, 'regressor_3': 29007.765208291712}","[5688, 2604, 2002]"
141,16,4,"[[3.6850648], [3.7231775521764705, 3.7612903043529413, 4.142417826117647], [3.7994030565294117, 3.951854065235294, 3.8375158087058825], [3.9137413130588237, 4.028079569588235]]","[[3.7231775521764705], [3.7612903043529413, 3.7994030565294117, 4.180530578294118], [3.8375158087058825, 3.989966817411765, 3.875628560882353], [3.951854065235294, 4.066192321764706]]",165.72080635071092,7205.180566729858,"{'regressor_1': 115.77552506596305, 'regressor_2': 37040.980073463266, 'regressor_3': 10965.883031249998, 'regressor_4': 10830.38847368421}","[5685, 2001, 32, 19]"
142,16,3,"[[3.6850648], [3.7231775521764705, 3.7612903043529413, 4.104305073941177], [3.7994030565294117, 3.9137413130588237, 3.989966817411765, 3.8375158087058825, 3.875628560882353]]","[[3.7231775521764705], [3.7612903043529413, 3.7994030565294117, 4.142417826117647], [3.8375158087058825, 3.951854065235294, 4.028079569588235, 3.875628560882353, 3.9137413130588237]]",185.02826691943127,7002.558516018956,"{'regressor_1': 123.36195888244595, 'regressor_2': 27903.20231167315, 'regressor_3': 9253.36542857143}","[5691, 2570, 56]"
143,16,3,"[[3.6850749], [3.7231870580588238, 3.761299216117647, 4.21864511282353], [3.799411374176471, 3.837523532235294]]","[[3.7231870580588238], [3.761299216117647, 3.799411374176471, 4.256757270882353], [3.837523532235294, 3.875635690294118]]",192.6405656872038,278.07123857819903,"{'regressor_1': 133.84978989080662, 'regressor_2': 9197.678733333334, 'regressor_3': 7418.4553}","[5678, 45, 10]"
144,16,4,"[[3.6850648], [3.7231775521764705, 3.7612903043529413, 4.218643330470588], [3.7994030565294117, 3.875628560882353, 3.951854065235294, 3.8375158087058825, 3.9137413130588237], [4.028079569588235, 4.066192321764706, 4.104305073941177]]","[[3.7231775521764705], [3.7612903043529413, 3.7994030565294117, 4.256756082647058], [3.8375158087058825, 3.9137413130588237, 3.989966817411765, 3.875628560882353, 3.951854065235294], [4.066192321764706, 4.104305073941177, 4.142417826117647]]",192.1981799052133,2395.9331391469195,"{'regressor_1': 128.5115247141601, 'regressor_2': 6439.4799354838715, 'regressor_3': 7792.175051724138, 'regressor_4': 8790.610228952382}","[5685, 31, 58, 2625]"
145,16,4,"[[3.6850648], [3.7231775521764705, 3.7612903043529413, 4.104305073941177], [3.7994030565294117], [3.8375158087058825, 3.9137413130588237, 3.875628560882353, 3.989966817411765]]","[[3.7231775521764705], [3.7612903043529413, 3.7994030565294117, 4.142417826117647], [3.8375158087058825], [3.875628560882353, 3.951854065235294, 3.9137413130588237, 4.028079569588235]]",186.8813481516588,6986.273589763035,"{'regressor_1': 136.6128881474978, 'regressor_2': 27780.679823552277, 'regressor_3': 8282.005, 'regressor_4': 8001.918446428572}","[5695, 2573, 2, 56]"
146,16,3,"[[3.6850648], [3.7231702874117647, 3.7612757748235297, 4.104225161529412], [3.7993812622352943, 3.9136977244705884, 4.0280141867058825, 3.837486749647059, 3.8755922370588234]]","[[3.7231702874117647], [3.7612757748235297, 3.7993812622352943, 4.142330648941177], [3.837486749647059, 3.951803211882353, 4.0661196741176475, 3.8755922370588234, 3.9136977244705884]]",199.05696872037913,7051.946220379146,"{'regressor_1': 128.04371682193707, 'regressor_2': 27948.637368400618, 'regressor_3': 10560.119268292683}","[5689, 2576, 41]"
147,16,3,"[[3.6850648], [3.7231702874117647, 3.7612757748235297, 3.9899086992941175, 3.837486749647059, 3.7993812622352943], [3.9136977244705884, 4.0280141867058825]]","[[3.7231702874117647], [3.7612757748235297, 3.7993812622352943, 4.0280141867058825, 3.8755922370588234, 3.837486749647059], [3.951803211882353, 4.0661196741176475]]",183.3986112796208,280.77797175355454,"{'regressor_1': 156.68546484581498, 'regressor_2': 5588.366122448981, 'regressor_3': 10125.740808510638}","[5675, 49, 47]"
148,16,4,"[[3.6850749], [3.7231870580588238, 3.761299216117647, 4.104308638647058], [3.799411374176471], [3.837523532235294, 3.913747848352941, 3.875635690294118, 3.989972164470588]]","[[3.7231870580588238], [3.761299216117647, 3.799411374176471, 4.142420796705882], [3.837523532235294], [3.875635690294118, 3.951860006411765, 3.913747848352941, 4.028084322529412]]",182.09929364928908,6810.8199690047395,"{'regressor_1': 116.0316592904812, 'regressor_2': 27174.598218847346, 'regressor_3': nan, 'regressor_4': 6315.192000000001}","[5694, 2568, 0, 52]"
149,16,4,"[[3.6850648], [3.7231702874117647, 3.7612757748235297, 4.0280141867058825], [3.7993812622352943, 3.951803211882353, 3.837486749647059], [3.9136977244705884, 4.0661196741176475]]","[[3.7231702874117647], [3.7612757748235297, 3.7993812622352943, 4.0661196741176475], [3.837486749647059, 3.9899086992941175, 3.8755922370588234], [3.951803211882353, 4.104225161529412]]",193.67255744075828,366.0170141232227,"{'regressor_1': 121.32236785462246, 'regressor_2': 7880.078885245902, 'regressor_3': 8557.199299999998, 'regressor_4': 12149.237754545453}","[5668, 61, 20, 110]"
150,17,3,"[[3.6850648], [3.7210588789444445, 3.757052957888889, 3.8650351947222226, 3.9370233526111114], [3.7930470368333333, 4.045005589444445, 3.8290411157777777, 3.901029273666667]]","[[3.7210588789444445], [3.757052957888889, 3.7930470368333333, 3.901029273666667, 3.9730174315555558], [3.8290411157777777, 4.080999668388889, 3.8650351947222226, 3.9370233526111114]]",190.81190805687203,277.1057001895735,"{'regressor_1': 95.28099190710768, 'regressor_2': 5234.561454545455, 'regressor_3': 11967.219262295082}","[5684, 44, 61]"
151,17,4,"[[3.6850648], [3.7210601770555556, 3.757055554111111, 4.0450185705555555], [3.793050931166667], [3.8290463082222224, 3.9730278164444446, 3.865041685277778, 3.937032439388889]]","[[3.7210601770555556], [3.757055554111111, 3.793050931166667, 4.081013947611111], [3.8290463082222224], [3.865041685277778, 4.0090231935, 3.9010370623333332, 3.9730278164444446]]",165.2486273933649,251.5798181990521,"{'regressor_1': 114.9451187543983, 'regressor_2': 9043.104981132077, 'regressor_3': 4294.246, 'regressor_4': 10091.383303030301}","[5684, 53, 3, 33]"
152,17,4,"[[3.6850648], [3.7210601770555556, 3.757055554111111, 4.0450185705555555], [3.793050931166667], [3.8290463082222224, 3.9730278164444446, 3.865041685277778, 3.937032439388889]]","[[3.7210601770555556], [3.757055554111111, 3.793050931166667, 4.081013947611111], [3.8290463082222224], [3.865041685277778, 4.0090231935, 3.9010370623333332, 3.9730278164444446]]",185.49256748815165,271.3862681516587,"{'regressor_1': 119.72732014767931, 'regressor_2': 10760.820145833333, 'regressor_3': 5684.409, 'regressor_4': 9756.335352941178}","[5688, 48, 4, 17]"
153,17,4,"[[3.6850749], [3.7210697159444446, 3.757064531888889, 4.0090282434999995], [3.793059347833333, 3.8290541637777777], [3.9730334275555554, 4.0450230594444445]]","[[3.7210697159444446], [3.757064531888889, 3.793059347833333, 4.0450230594444445], [3.8290541637777777, 3.8650489797222223], [4.0090282434999995, 4.081017875388889]]",192.33049668246446,278.1748795260663,"{'regressor_1': 133.94222392529952, 'regressor_2': 6005.846377777777, 'regressor_3': 6801.8493333333345, 'regressor_4': 8637.458772727274}","[5676, 45, 6, 22]"
154,17,4,"[[3.6850648], [3.7210601770555556, 3.757055554111111, 4.081013947611111], [3.793050931166667, 3.8290463082222224], [3.9010370623333332, 3.937032439388889, 3.9730278164444446]]","[[3.7210601770555556], [3.757055554111111, 3.793050931166667, 4.117009324666666], [3.8290463082222224, 3.865041685277778], [3.937032439388889, 3.9730278164444446, 4.0090231935]]",190.31670360189574,449.704618578199,"{'regressor_1': 128.05979152005628, 'regressor_2': 20615.971127118642, 'regressor_3': 6958.309666666666, 'regressor_4': 8452.07251111111}","[5684, 118, 6, 45]"
155,17,4,"[[3.6850648], [3.7210601770555556, 3.757055554111111, 4.081013947611111], [3.793050931166667], [3.8290463082222224, 3.937032439388889, 3.865041685277778, 4.0450185705555555]]","[[3.7210601770555556], [3.757055554111111, 3.793050931166667, 4.117009324666666], [3.8290463082222224], [3.865041685277778, 3.9730278164444446, 3.9010370623333332, 4.081013947611111]]",187.77472909952604,448.9207654976303,"{'regressor_1': 136.84148761637098, 'regressor_2': 20023.115735849056, 'regressor_3': nan, 'regressor_4': 11040.088000000002}","[5693, 106, 0, 32]"
156,17,4,"[[3.6850648], [3.721053315888889, 3.757041831777778, 4.080938474777778], [3.793030347666667], [3.8290188635555555, 3.9369844112222223, 3.8650073794444446, 4.044949958888889]]","[[3.721053315888889], [3.757041831777778, 3.793030347666667, 4.116926990666666], [3.8290188635555555], [3.8650073794444446, 3.972972927111111, 3.9009958953333332, 4.080938474777778]]",197.64549421800947,425.027283886256,"{'regressor_1': 126.49550747318447, 'regressor_2': 19029.529333333332, 'regressor_3': 5990.116999999999, 'regressor_4': 11852.51320689655}","[5687, 90, 1, 58]"
157,17,3,"[[3.6850648], [3.721053315888889, 3.757041831777778, 4.044949958888889, 3.9369844112222223], [3.793030347666667, 3.8290188635555555, 3.8650073794444446]]","[[3.721053315888889], [3.757041831777778, 3.793030347666667, 4.080938474777778, 3.972972927111111], [3.8290188635555555, 3.8650073794444446, 3.9009958953333332]]",184.43985914691945,270.9961335545024,"{'regressor_1': 92.42423540821724, 'regressor_2': 10850.04273255814, 'regressor_3': 6634.0941111111115}","[5671, 86, 18]"
158,17,4,"[[3.6850749], [3.7210697159444446, 3.757064531888889, 4.081017875388889], [3.793059347833333], [3.8290541637777777, 3.9370386116111113, 4.0090282434999995, 3.8650489797222223]]","[[3.7210697159444446], [3.757064531888889, 3.793059347833333, 4.117012691333334], [3.8290541637777777], [3.8650489797222223, 3.9730334275555554, 4.0450230594444445, 3.901043795666667]]",180.96069658767772,419.7451242654028,"{'regressor_1': 115.9779402880225, 'regressor_2': 20533.41779207921, 'regressor_3': nan, 'regressor_4': 10212.099479999999}","[5694, 101, 0, 25]"
159,17,4,"[[3.6850648], [3.721053315888889, 3.757041831777778, 4.0089614430000005], [3.793030347666667], [3.8290188635555555, 4.044949958888889, 3.8650073794444446, 3.9369844112222223]]","[[3.721053315888889], [3.757041831777778, 3.793030347666667, 4.044949958888889], [3.8290188635555555], [3.8650073794444446, 4.080938474777778, 3.9009958953333332, 3.972972927111111]]",192.97924293838858,286.4651889099526,"{'regressor_1': 118.75848632433384, 'regressor_2': 5000.104115384615, 'regressor_3': 7101.098, 'regressor_4': 10497.347942028986}","[5667, 52, 5, 69]"
160,18,3,"[[3.6850648], [3.7191644537368425, 3.7532641074736843, 4.128360298578947, 3.923762376157895], [3.7873637612105266, 3.8214634149473685, 3.855563068684211, 3.8896627224210527]]","[[3.7191644537368425], [3.7532641074736843, 3.7873637612105266, 4.16245995231579, 3.957862029894737], [3.8214634149473685, 3.855563068684211, 3.8896627224210527, 3.923762376157895]]",190.66944786729857,13405.916905402843,"{'regressor_1': 94.64780419087866, 'regressor_2': 31966.41245886654, 'regressor_3': 6557.958642857145}","[5679, 4376, 28]"
