,orginal,proposed,old_section,new_sction,start_section,Final_section,Error,number hat,all _section_average,section_average
0,2,2,"[[50.9825187], [51.0808471]]","[[51.0808471], [51.2775039]]",228.3523127,201.677215,"{'regressor_1': 185.85958709888666, 'regressor_2': 212.0680593676059}","[3054, 4649]",236.3672211,222.6557306
1,2,2,"[[50.9826162], [51.081322836666665]]","[[51.081322836666665], [51.27873611]]",233.1394488,216.1195242,"{'regressor_1': 170.9169377850163, 'regressor_2': 246.07245758687674}","[3070, 4633]",,
2,2,2,"[[50.9825187], [51.08378825333333]]","[[51.08378825333333], [51.28632736]]",244.0647293,230.949616,"{'regressor_1': 221.75427757891313, 'regressor_2': 237.0526991360691}","[3073, 4630]",,
3,2,2,"[[50.9825401], [51.08127210333333]]","[[51.08127210333333], [51.27873611]]",231.0085634,222.5965288,"{'regressor_1': 223.9681701988914, 'regressor_2': 221.68910332182915}","[3067, 4636]",,
4,2,2,"[[50.9825187], [51.08378825333333]]","[[51.08378825333333], [51.28632736]]",227.9002406,218.9641677,"{'regressor_1': 235.68507924650856, 'regressor_2': 207.83015246539793}","[3079, 4624]",,
5,2,2,"[[50.9825187], [51.08378825333333]]","[[51.08378825333333], [51.28632736]]",246.6749243,237.4954702,"{'regressor_1': 229.4677199089135, 'regressor_2': 242.82649297904516}","[3074, 4629]",,
6,2,2,"[[50.9825401], [51.08380252]]","[[51.08380252], [51.28632736]]",224.7651595,209.2403345,"{'regressor_1': 182.90029444444448, 'regressor_2': 226.59991298729273}","[3060, 4643]",,
7,2,2,"[[50.9825187], [51.08378825333333]]","[[51.08378825333333], [51.28632736]]",240.9668899,226.7486375,"{'regressor_1': 234.52162727864587, 'regressor_2': 221.59238091125027}","[3072, 4631]",,
8,2,2,"[[50.9825187], [51.08378825333333]]","[[51.08378825333333], [51.28632736]]",237.2475252,233.868324,"{'regressor_1': 224.7998663624511, 'regressor_2': 239.87091909385114}","[3068, 4635]",,
9,2,2,"[[50.9825401], [51.08380252]]","[[51.08380252], [51.28632736]]",249.5524169,228.8974877,"{'regressor_1': 227.21674690150033, 'regressor_2': 230.00879922363595}","[3066, 4637]",,
10,3,2,"[[50.9825187], [51.056264999999996, 51.1300113]]","[[51.056264999999996], [51.1300113, 51.2775039]]",229.3185299,4708.618529,"{'regressor_1': 199.44919103773583, 'regressor_2': 7535.063004857445}","[2968, 4735]",237.3161344,4641.45646
11,3,2,"[[50.9826162], [51.0566461775, 51.130676155]]","[[51.0566461775], [51.130676155, 51.27873611]]",234.9995465,4607.10599,"{'regressor_1': 157.48221791849107, 'regressor_2': 7397.7551199831}","[2969, 4734]",,
12,3,2,"[[50.9825187], [51.058470865000004, 51.13442303]]","[[51.058470865000004], [51.13442303, 51.28632736]]",244.9314143,4585.602814,"{'regressor_1': 187.4339804252447, 'regressor_2': 7334.922277004221}","[2963, 4740]",,
13,3,2,"[[50.9825401], [51.0565891025, 51.130638105]]","[[51.0565891025], [51.130638105, 51.27873611]]",233.067815,4684.043514,"{'regressor_1': 199.89824377104375, 'regressor_2': 7497.884936826537}","[2970, 4733]",,
14,3,2,"[[50.9825187], [51.058470865000004, 51.13442303]]","[[51.058470865000004], [51.13442303, 51.28632736]]",229.8894449,4587.76694,"{'regressor_1': 190.33055372179183, 'regressor_2': 7345.685957329953}","[2969, 4734]",,
15,3,2,"[[50.9825187], [51.058470865000004, 51.13442303]]","[[51.058470865000004], [51.13442303, 51.28632736]]",247.7230461,4618.075482,"{'regressor_1': 210.0980053835801, 'regressor_2': 7387.153703022615}","[2972, 4731]",,
16,3,2,"[[50.9825401], [51.058486915, 51.13443373]]","[[51.058486915], [51.13443373, 51.28632736]]",228.2396085,4642.683675,"{'regressor_1': 211.21584141414144, 'regressor_2': 7423.46953222058}","[2970, 4733]",,
17,3,2,"[[50.9825187], [51.058470865000004, 51.13442303]]","[[51.058470865000004], [51.13442303, 51.28632736]]",240.8208232,4677.607757,"{'regressor_1': 178.73787546280712, 'regressor_2': 7502.2363317836}","[2971, 4732]",,
18,3,2,"[[50.9825187], [51.058470865000004, 51.13442303]]","[[51.058470865000004], [51.13442303, 51.28632736]]",237.2652447,4640.214179,"{'regressor_1': 163.72032263513512, 'regressor_2': 7433.893667088341}","[2960, 4743]",,
19,3,2,"[[50.9825401], [51.058486915, 51.13443373]]","[[51.058486915], [51.13443373, 51.28632736]]",246.905871,4662.845723,"{'regressor_1': 169.93957364341085, 'regressor_2': 7477.55276414696}","[2967, 4736]",,
20,4,2,"[[50.9825187], [51.04151574, 51.10051278]]","[[51.04151574], [51.10051278, 51.15950982]]",228.509799,314.8874541,"{'regressor_1': 110.23465214431587, 'regressor_2': 494.68090610157105}","[2938, 2737]",236.7182432,788.0255714
21,4,2,"[[50.9826162], [51.041840182, 51.101064164, 51.160288146]]","[[51.041840182], [51.101064164, 51.160288146, 51.27873611]]",235.0430165,5062.8166,"{'regressor_1': 72.53018503401361, 'regressor_2': 8143.11096451816}","[2940, 4763]",,
22,4,2,"[[50.9825187], [51.043280432, 51.104042164]]","[[51.043280432], [51.104042164, 51.164803896]]",243.2041094,346.860724,"{'regressor_1': 123.67776923076921, 'regressor_2': 541.7228630387144}","[2938, 2738]",,
23,4,2,"[[50.9825401], [51.041779302, 51.101018504]]","[[51.041779302], [51.101018504, 51.160257705999996]]",231.1484209,304.0794375,"{'regressor_1': 109.79738495575221, 'regressor_2': 463.3485863204097}","[2938, 2734]",,
24,4,2,"[[50.9825187], [51.043280432, 51.104042164]]","[[51.043280432], [51.104042164, 51.164803896]]",228.7469373,312.8255907,"{'regressor_1': 112.68812040816329, 'regressor_2': 493.6702261600292}","[2940, 2737]",,
25,4,2,"[[50.9825187], [51.043280432, 51.104042164]]","[[51.043280432], [51.104042164, 51.164803896]]",248.5903947,310.326845,"{'regressor_1': 119.67394531250001, 'regressor_2': 436.5166827838828}","[2944, 2730]",,
26,4,2,"[[50.9825401], [51.043297552, 51.104055004]]","[[51.043297552], [51.104055004, 51.164812456]]",227.2504275,312.7020402,"{'regressor_1': 106.70285830784914, 'regressor_2': 471.35850824477825}","[2943, 2729]",,
27,4,2,"[[50.9825187], [51.043280432, 51.104042164]]","[[51.043280432], [51.104042164, 51.164803896]]",239.8372516,291.1404915,"{'regressor_1': 76.22814994899693, 'regressor_2': 472.56841322616}","[2941, 2737]",,
28,4,2,"[[50.9825187], [51.043280432, 51.104042164]]","[[51.043280432], [51.104042164, 51.164803896]]",234.9004476,287.915922,"{'regressor_1': 98.49927232597624, 'regressor_2': 431.6937536656891}","[2945, 2728]",,
29,4,2,"[[50.9825401], [51.043297552, 51.104055004]]","[[51.043297552], [51.104055004, 51.164812456]]",249.9516274,336.7006092,"{'regressor_1': 95.62511171662125, 'regressor_2': 583.7297388303668}","[2936, 2753]",,
30,5,2,"[[50.9825187], [51.0316829, 51.0808471]]","[[51.0316829], [51.0808471, 51.1300113]]",229.370636,1722.980342,"{'regressor_1': 124.78168085842853, 'regressor_2': 4422.358504754938}","[2889, 2734]",236.5082946,1903.225523
31,5,2,"[[50.9826162], [51.031969518333334, 51.081322836666665, 51.130676155]]","[[51.031969518333334], [51.081322836666665, 51.130676155, 51.180029473333335]]",233.510161,1933.122557,"{'regressor_1': 125.95507194492257, 'regressor_2': 4932.399555874955}","[2905, 2783]",,
32,5,2,"[[50.9825187], [51.03315347666667, 51.08378825333333, 51.13442303]]","[[51.03315347666667], [51.08378825333333, 51.13442303, 51.18505780666667]]",244.4466518,1931.86332,"{'regressor_1': 125.15404391424623, 'regressor_2': 4910.892190662866}","[2892, 2806]",,
33,5,2,"[[50.9825401], [51.031906101666664, 51.08127210333333, 51.130638105]]","[[51.031906101666664], [51.08127210333333, 51.130638105, 51.180004106666665]]",230.8224681,2092.045465,"{'regressor_1': 140.75583939079266, 'regressor_2': 5349.986406205422}","[2889, 2804]",,
34,5,2,"[[50.9825187], [51.03315347666667, 51.08378825333333, 51.13442303]]","[[51.03315347666667], [51.08378825333333, 51.13442303, 51.18505780666667]]",227.7080604,1904.839238,"{'regressor_1': 116.87178576364893, 'regressor_2': 4875.7317484816}","[2894, 2799]",,
35,5,2,"[[50.9825187], [51.03315347666667, 51.08378825333333, 51.13442303]]","[[51.03315347666667], [51.08378825333333, 51.13442303, 51.18505780666667]]",247.368119,1885.38587,"{'regressor_1': 139.18507772020723, 'regressor_2': 4771.954484263233}","[2895, 2796]",,
36,5,2,"[[50.9825401], [51.03317131, 51.08380252, 51.13443373]]","[[51.03317131], [51.08380252, 51.13443373, 51.185064940000004]]",228.3338767,2016.00974,"{'regressor_1': 150.0143628502248, 'regressor_2': 5125.502368402282}","[2891, 2804]",,
37,5,2,"[[50.9825187], [51.03315347666667, 51.08378825333333, 51.13442303]]","[[51.03315347666667], [51.08378825333333, 51.13442303, 51.18505780666667]]",241.8042552,1859.935022,"{'regressor_1': 121.63998687845304, 'regressor_2': 4740.603262330236}","[2896, 2798]",,
38,5,2,"[[50.9825187], [51.03315347666667, 51.08378825333333, 51.13442303]]","[[51.03315347666667], [51.08378825333333, 51.13442303, 51.18505780666667]]",233.4173865,1940.049072,"{'regressor_1': 113.76175933609959, 'regressor_2': 4959.397143518518}","[2892, 2808]",,
39,5,2,"[[50.9825401], [51.03317131, 51.08380252, 51.13443373]]","[[51.03317131], [51.08380252, 51.13443373, 51.185064940000004]]",248.3013309,1746.024607,"{'regressor_1': 133.9483467630854, 'regressor_2': 4428.4541259814405}","[2904, 2802]",,
40,6,2,"[[50.9825187], [51.02465944285714, 51.066800185714285, 51.10894092857143, 51.15108167142857]]","[[51.02465944285714], [51.066800185714285, 51.10894092857143, 51.15108167142857, 51.193222414285714]]",229.4647733,2450.173361,"{'regressor_1': 42.194996498599444, 'regressor_2': 6348.004968465312}","[2856, 2854]",237.3445876,2071.718109
41,6,2,"[[50.9826162], [51.02491904428572, 51.06722188857143, 51.109524732857146, 51.15182757714285]]","[[51.02491904428572], [51.06722188857143, 51.109524732857146, 51.15182757714285, 51.19413042142857]]",235.5064039,2043.355805,"{'regressor_1': 45.07800695652173, 'regressor_2': 5260.732137261821}","[2875, 2834]",,
42,6,2,"[[50.9825187], [51.02591993714286, 51.06932117428571, 51.11272241142857]]","[[51.02591993714286], [51.06932117428571, 51.11272241142857, 51.15612364857143]]",242.864615,1878.448677,"{'regressor_1': 32.836548746518105, 'regressor_2': 4841.272734190783}","[2872, 2799]",,
43,6,2,"[[50.9825401], [51.02485381571429, 51.067167531428574, 51.10948124714286, 51.15179496285714]]","[[51.02485381571429], [51.067167531428574, 51.10948124714286, 51.15179496285714, 51.194108678571425]]",230.7601919,2248.278158,"{'regressor_1': 77.04039734172788, 'regressor_2': 5774.78610877193}","[2859, 2850]",,
44,6,2,"[[50.9825187], [51.02591993714286, 51.06932117428571, 51.11272241142857, 51.15612364857143]]","[[51.02591993714286], [51.06932117428571, 51.11272241142857, 51.15612364857143, 51.19952488571429]]",229.5480409,2167.32142,"{'regressor_1': 50.133767627648496, 'regressor_2': 5625.424568350407}","[2879, 2831]",,
45,6,2,"[[50.9825187], [51.02591993714286, 51.06932117428571, 51.11272241142857]]","[[51.02591993714286], [51.06932117428571, 51.11272241142857, 51.15612364857143]]",249.9462728,1892.555764,"{'regressor_1': 36.63609144645341, 'regressor_2': 4878.757081022685}","[2876, 2777]",,
46,6,2,"[[50.9825401], [51.02593828, 51.06933646, 51.11273464, 51.15613282]]","[[51.02593828], [51.06933646, 51.11273464, 51.15613282, 51.199531]]",226.2373928,1964.948518,"{'regressor_1': 59.864265853658544, 'regressor_2': 5033.949788508989}","[2870, 2837]",,
47,6,2,"[[50.9825187], [51.02591993714286, 51.06932117428571, 51.11272241142857, 51.15612364857143]]","[[51.02591993714286], [51.06932117428571, 51.11272241142857, 51.15612364857143, 51.19952488571429]]",241.1332998,1997.959975,"{'regressor_1': 43.58190972464273, 'regressor_2': 5149.974730119634}","[2869, 2842]",,
48,6,2,"[[50.9825187], [51.02591993714286, 51.06932117428571, 51.11272241142857, 51.15612364857143]]","[[51.02591993714286], [51.06932117428571, 51.11272241142857, 51.15612364857143, 51.19952488571429]]",238.8002729,2103.56738,"{'regressor_1': 43.85745966620306, 'regressor_2': 5437.339060007061}","[2876, 2833]",,
49,6,2,"[[50.9825401], [51.02593828, 51.06933646, 51.11273464, 51.15613282]]","[[51.02593828], [51.06933646, 51.11273464, 51.15613282, 51.199531]]",249.1846125,1970.572032,"{'regressor_1': 70.41385704371963, 'regressor_2': 5063.937081042987}","[2882, 2838]",,
50,7,2,"[[50.9825187], [51.01939185, 51.056264999999996, 51.09313815, 51.16688445]]","[[51.01939185], [51.056264999999996, 51.09313815, 51.1300113, 51.2037576]]",227.9588223,3078.31296,"{'regressor_1': 55.14081342756183, 'regressor_2': 8084.838698693041}","[2830, 2831]",236.402595,5944.741908
51,7,2,"[[50.9826162], [51.019631188750004, 51.0566461775, 51.09366116625, 51.130676155]]","[[51.019631188750004], [51.0566461775, 51.09366116625, 51.130676155, 51.16769114375]]",233.9907398,3061.340608,"{'regressor_1': 59.800473091804434, 'regressor_2': 7976.939307610619}","[2843, 2825]",,
52,7,2,"[[50.9825187], [51.0204947825, 51.058470865000004, 51.0964469475, 51.210375195, 51.13442303]]","[[51.0204947825], [51.058470865000004, 51.0964469475, 51.13442303, 51.28632736, 51.1723991125]]",244.8681925,12310.1617,"{'regressor_1': 109.26817922535211, 'regressor_2': 19530.400333609272}","[2840, 4832]",,
53,7,2,"[[50.9825401], [51.01956460125, 51.0565891025, 51.09361360375, 51.16766260625]]","[[51.01956460125], [51.0565891025, 51.09361360375, 51.130638105, 51.2046871075]]",229.4539089,3137.70778,"{'regressor_1': 38.973288834096515, 'regressor_2': 8280.472617314486}","[2839, 2830]",,
54,7,2,"[[50.9825187], [51.0204947825, 51.058470865000004, 51.0964469475, 51.1723991125, 51.13442303]]","[[51.0204947825], [51.058470865000004, 51.0964469475, 51.13442303, 51.210375195, 51.1723991125]]",227.86164,3915.329954,"{'regressor_1': 105.71029376541037, 'regressor_2': 10170.12636148766}","[2839, 2877]",,
55,7,2,"[[50.9825187], [51.0204947825, 51.058470865000004, 51.0964469475, 51.210375195, 51.13442303]]","[[51.0204947825], [51.058470865000004, 51.0964469475, 51.13442303, 51.28632736, 51.1723991125]]",246.472856,11884.40215,"{'regressor_1': 109.73617938797045, 'regressor_2': 18885.27323616007}","[2843, 4823]",,
56,7,2,"[[50.9825401], [51.0205135075, 51.058486915, 51.0964603225, 51.13443373, 51.1724071375]]","[[51.0205135075], [51.058486915, 51.0964603225, 51.13443373, 51.1724071375, 51.210380545]]",224.7454174,3481.82175,"{'regressor_1': 109.27378679844689, 'regressor_2': 8975.687959431345}","[2833, 2884]",,
57,7,2,"[[50.9825187], [51.0204947825, 51.058470865000004, 51.0964469475, 51.1723991125, 51.13442303]]","[[51.0204947825], [51.058470865000004, 51.0964469475, 51.13442303, 51.210375195, 51.1723991125]]",242.7173426,3587.649456,"{'regressor_1': 102.33343789696542, 'regressor_2': 9274.233072765073}","[2834, 2886]",,
58,7,2,"[[50.9825187], [51.0204947825, 51.058470865000004, 51.0964469475, 51.13442303, 51.1723991125]]","[[51.0204947825], [51.058470865000004, 51.0964469475, 51.13442303, 51.1723991125, 51.210375195]]",238.0256827,3450.085463,"{'regressor_1': 111.63226818980668, 'regressor_2': 8929.53149877836}","[2845, 2865]",,
59,7,2,"[[50.9825401], [51.0205135075, 51.058486915, 51.0964603225, 51.210380545, 51.13443373]]","[[51.0205135075], [51.058486915, 51.0964603225, 51.13443373, 51.28632736, 51.1724071375]]",247.9313475,11540.60727,"{'regressor_1': 107.83517382125265, 'regressor_2': 18322.502782680756}","[2842, 4827]",,
60,8,2,"[[50.9825187], [51.015294833333336, 51.048070966666664, 51.0808471, 51.1791755]]","[[51.015294833333336], [51.048070966666664, 51.0808471, 51.113623233333335, 51.211951633333335]]",227.875889,3056.806189,"{'regressor_1': 36.259366017699115, 'regressor_2': 8057.124604955753}","[2825, 2825]",236.4348614,3275.791926
61,8,2,"[[50.9826162], [51.01551841222222, 51.04842062444445, 51.180029473333335, 51.081322836666665]]","[[51.01551841222222], [51.04842062444445, 51.081322836666665, 51.21293168555555, 51.11422504888889]]",236.0579004,3082.866874,"{'regressor_1': 36.35095236414961, 'regressor_2': 8129.066778764205}","[2834, 2816]",,
62,8,2,"[[50.9825187], [51.016275217777775, 51.05003173555556, 51.08378825333333, 51.18505780666667]]","[[51.016275217777775], [51.05003173555556, 51.08378825333333, 51.11754477111111, 51.218814324444445]]",241.1171048,3083.248153,"{'regressor_1': 41.061916519901374, 'regressor_2': 8131.964042719829}","[2839, 2809]",,
63,8,2,"[[50.9825401], [51.01545076777778, 51.048361435555556, 51.08127210333333, 51.180004106666665]]","[[51.01545076777778], [51.048361435555556, 51.08127210333333, 51.11418277111111, 51.21291477444444]]",230.0969495,4747.680166,"{'regressor_1': 64.13626367807977, 'regressor_2': 12690.45819907572}","[2833, 2813]",,
64,8,2,"[[50.9825187], [51.016275217777775, 51.05003173555556, 51.08378825333333, 51.18505780666667]]","[[51.016275217777775], [51.05003173555556, 51.08378825333333, 51.11754477111111, 51.218814324444445]]",227.8142076,3093.665338,"{'regressor_1': 24.25069274136716, 'regressor_2': 8239.614507147962}","[2838, 2798]",,
65,8,2,"[[50.9825187], [51.016275217777775, 51.05003173555556, 51.08378825333333, 51.18505780666667]]","[[51.016275217777775], [51.05003173555556, 51.08378825333333, 51.11754477111111, 51.218814324444445]]",247.2702564,3068.997101,"{'regressor_1': 25.605207686882938, 'regressor_2': 8087.649597799077}","[2836, 2817]",,
66,8,2,"[[50.9825401], [51.01629424, 51.05004838, 51.11755666, 51.151310800000005, 51.08380252]]","[[51.01629424], [51.05004838, 51.08380252, 51.151310800000005, 51.185064940000004, 51.11755666]]",229.1188289,3235.375111,"{'regressor_1': 99.30476574663835, 'regressor_2': 8332.302675845243}","[2826, 2869]",,
67,8,2,"[[50.9825187], [51.016275217777775, 51.05003173555556, 51.18505780666667, 51.08378825333333]]","[[51.016275217777775], [51.05003173555556, 51.08378825333333, 51.218814324444445, 51.11754477111111]]",240.162866,3114.846492,"{'regressor_1': 34.898047416843596, 'regressor_2': 8205.36794870888}","[2826, 2827]",,
68,8,2,"[[50.9825187], [51.016275217777775, 51.05003173555556, 51.11754477111111, 51.18505780666667, 51.08378825333333]]","[[51.016275217777775], [51.05003173555556, 51.08378825333333, 51.15130128888889, 51.218814324444445, 51.11754477111111]]",236.4980222,3072.593273,"{'regressor_1': 40.02074578059072, 'regressor_2': 8064.273657848324}","[2844, 2835]",,
69,8,2,"[[50.9825401], [51.01629424, 51.05004838, 51.11755666, 51.185064940000004, 51.08380252]]","[[51.01629424], [51.05004838, 51.08380252, 51.151310800000005, 51.21881908, 51.11755666]]",248.3365894,3201.840566,"{'regressor_1': 64.32740563380283, 'regressor_2': 8326.66254266806}","[2840, 2871]",,
70,9,2,"[[50.9825187], [51.01201722, 51.04151574, 51.07101426, 51.1300113]]","[[51.01201722], [51.04151574, 51.07101426, 51.10051278, 51.15950982]]",227.2227184,2934.800558,"{'regressor_1': 28.51146082949309, 'regressor_2': 4199.843131507906}","[434, 5186]",236.6605315,3235.055614
71,9,2,"[[50.9826162], [51.012228191000005, 51.041840182, 51.130676155, 51.189900136999995, 51.071452173]]","[[51.012228191000005], [51.041840182, 51.071452173, 51.160288146, 51.219512128, 51.101064164]]",234.2822046,3198.697237,"{'regressor_1': 91.74320544369873, 'regressor_2': 7935.228918518518}","[2682, 2970]",,
72,9,2,"[[50.9825187], [51.012899566, 51.043280432, 51.195184762000004, 51.073661298, 51.104042164]]","[[51.012899566], [51.043280432, 51.073661298, 51.225565628, 51.104042164, 51.13442303]]",243.0891006,3155.87021,"{'regressor_1': 65.99304460176991, 'regressor_2': 8237.390938358576}","[2825, 2839]",,
73,9,2,"[[50.9825401], [51.012159701, 51.041779302, 51.071398903, 51.130638105]]","[[51.012159701], [51.041779302, 51.071398903, 51.101018504, 51.160257705999996]]",232.1604654,2931.744484,"{'regressor_1': 24.847890836653388, 'regressor_2': 6964.440527938343}","[2510, 3114]",,
74,9,2,"[[50.9825187], [51.012899566, 51.043280432, 51.13442303, 51.073661298, 51.164803896]]","[[51.012899566], [51.043280432, 51.073661298, 51.164803896, 51.104042164, 51.195184762000004]]",228.4739883,3810.965234,"{'regressor_1': 102.65210858765082, 'regressor_2': 9963.816534246576}","[2818, 2847]",,
75,9,2,"[[50.9825187], [51.012899566, 51.043280432, 51.13442303, 51.195184762000004, 51.073661298]]","[[51.012899566], [51.043280432, 51.073661298, 51.164803896, 51.225565628, 51.104042164]]",248.5897176,3444.395049,"{'regressor_1': 98.06317020523707, 'regressor_2': 8937.890669120225}","[2826, 2853]",,
76,9,2,"[[50.9825401], [51.012918826, 51.043297552, 51.073676278, 51.104055004]]","[[51.012918826], [51.043297552, 51.073676278, 51.104055004, 51.13443373]]",226.8723349,3228.822456,"{'regressor_1': 105.84961456483127, 'regressor_2': 8451.93481870093}","[2815, 2802]",,
77,9,2,"[[50.9825187], [51.012899566, 51.043280432, 51.073661298, 51.104042164]]","[[51.012899566], [51.043280432, 51.073661298, 51.104042164, 51.13442303]]",242.1420596,3068.225481,"{'regressor_1': 100.87637771448915, 'regressor_2': 8006.9952434257275}","[2809, 2814]",,
78,9,2,"[[50.9825187], [51.012899566, 51.043280432, 51.13442303, 51.195184762000004, 51.073661298]]","[[51.012899566], [51.043280432, 51.073661298, 51.164803896, 51.225565628, 51.104042164]]",235.9554701,3313.925311,"{'regressor_1': 98.08457612151183, 'regressor_2': 8679.739427864215}","[2831, 2828]",,
79,9,2,"[[50.9825401], [51.012918826, 51.043297552, 51.13443373, 51.195191182, 51.073676278]]","[[51.012918826], [51.043297552, 51.073676278, 51.164812456, 51.225569908000004, 51.104055004]]",247.8172556,3263.110118,"{'regressor_1': 99.21595721357849, 'regressor_2': 8487.913546059544}","[2828, 2855]",,
80,10,2,"[[50.9825187], [51.009335536363636, 51.14341971818182, 51.03615237272727, 51.170236554545454]]","[[51.009335536363636], [51.03615237272727, 51.170236554545454, 51.06296920909091, 51.19705339090909]]",229.3508864,641.3604989,"{'regressor_1': 727.3902499999999, 'regressor_2': 1200.8249108259295}","[16, 3039]",236.2442687,7883.359277
81,10,2,"[[50.9826162], [51.009536191818185, 51.03645618363637, 51.14413615090909, 51.06337617545454, 51.090296167272726]]","[[51.009536191818185], [51.03645618363637, 51.06337617545454, 51.171056142727274, 51.090296167272726, 51.11721615909091]]",234.151078,4094.620065,"{'regressor_1': 19.255625, 'regressor_2': 5441.017571149057}","[16, 5622]",,
82,10,2,"[[50.9825187], [51.01013766909091, 51.03775663818182, 51.148232514545455, 51.09299457636364, 51.06537560727273, 51.175851483636364]]","[[51.01013766909091], [51.03775663818182, 51.06537560727273, 51.175851483636364, 51.120613545454546, 51.09299457636364, 51.203470452727274]]",244.3588098,4086.178798,"{'regressor_1': 733.8751874999999, 'regressor_2': 5434.140051562776}","[16, 5663]",,
83,10,2,"[[50.9825401], [51.00946701, 51.03639392, 51.144101559999996, 51.09024774, 51.06332083, 51.171028469999996]]","[[51.00946701], [51.03639392, 51.06332083, 51.171028469999996, 51.11717465, 51.09024774, 51.197955379999996]]",230.1932559,4095.979164,"{'regressor_1': 695.2473157894739, 'regressor_2': 5450.007951253973}","[19, 5662]",,
84,10,2,"[[50.9825187], [51.01013766909091, 51.03775663818182, 51.23108942181818, 51.120613545454546, 51.06537560727273]]","[[51.01013766909091], [51.03775663818182, 51.06537560727273, 51.28632736, 51.148232514545455, 51.09299457636364]]",228.9625421,10886.78687,"{'regressor_1': 625.4785555555555, 'regressor_2': 16304.62210152582}","[18, 5112]",,
85,10,2,"[[50.9825187], [51.01013766909091, 51.03775663818182, 51.148232514545455, 51.06537560727273, 51.09299457636364]]","[[51.01013766909091], [51.03775663818182, 51.06537560727273, 51.175851483636364, 51.09299457636364, 51.120613545454546]]",245.4034858,4380.082243,"{'regressor_1': 752.9543157894736, 'regressor_2': 5838.178481547196}","[19, 5636]",,
86,10,2,"[[50.9825401], [51.01015712363637, 51.03777414727273, 51.231093312727275, 51.12062521818182, 51.065391170909095]]","[[51.01015712363637], [51.03777414727273, 51.065391170909095, 51.28632736, 51.14824224181818, 51.093008194545455]]",225.0324593,11003.12953,"{'regressor_1': 12.47, 'regressor_2': 16464.322661974584}","[14, 5115]",,
87,10,2,"[[50.9825187], [51.01013766909091, 51.03775663818182, 51.23108942181818, 51.175851483636364, 51.120613545454546, 51.06537560727273]]","[[51.01013766909091], [51.03775663818182, 51.06537560727273, 51.28632736, 51.203470452727274, 51.148232514545455, 51.09299457636364]]",242.3063331,11067.27685,"{'regressor_1': 611.7172222222221, 'regressor_2': 16454.049989328676}","[18, 5154]",,
88,10,2,"[[50.9825187], [51.01013766909091, 51.03775663818182, 51.23108942181818, 51.09299457636364, 51.120613545454546, 51.06537560727273]]","[[51.01013766909091], [51.03775663818182, 51.06537560727273, 51.28632736, 51.120613545454546, 51.148232514545455, 51.09299457636364]]",235.1885781,14395.71986,"{'regressor_1': 923.1387894736844, 'regressor_2': 14563.917730384412}","[19, 7596]",,
89,10,2,"[[50.9825401], [51.01015712363637, 51.03777414727273, 51.231093312727275, 51.093008194545455, 51.17585926545455, 51.12062521818182, 51.065391170909095]]","[[51.01015712363637], [51.03777414727273, 51.065391170909095, 51.28632736, 51.12062521818182, 51.20347628909091, 51.14824224181818, 51.093008194545455]]",247.4952583,14182.45889,"{'regressor_1': 759.7660625, 'regressor_2': 14303.350835738647}","[16, 7622]",,
90,11,2,"[[50.9825187], [51.0071008, 51.0316829, 51.1054292]]","[[51.0071008], [51.0316829, 51.056264999999996, 51.1300113]]",229.2931951,395.6041002,"{'regressor_1': 727.2383124999999, 'regressor_2': 544.4155750585089}","[16, 2991]",236.2931802,751.6829405
91,11,2,"[[50.9826162], [51.00729285916667, 51.031969518333334, 51.10599949583333]]","[[51.00729285916667], [51.031969518333334, 51.0566461775, 51.130676155]]",234.1469335,393.0706668,"{'regressor_1': 14.521374999999999, 'regressor_2': 515.717063922356}","[16, 2988]",,
92,11,2,"[[50.9825187], [51.007836088333335, 51.03315347666667]]","[[51.007836088333335], [51.03315347666667, 51.058470865000004]]",243.4421538,306.2731392,"{'regressor_1': 736.4284375, 'regressor_2': 249.0402856173677}","[16, 2948]",,
93,11,2,"[[50.9825401], [51.007223100833336, 51.031906101666664, 51.10595510416667]]","[[51.007223100833336], [51.031906101666664, 51.0565891025, 51.130638105]]",230.4968773,377.1839695,"{'regressor_1': 760.8324999999999, 'regressor_2': 504.18852210314805}","[16, 2986]",,
94,11,2,"[[50.9825187], [51.007836088333335, 51.03315347666667, 51.109105641666666]]","[[51.007836088333335], [51.03315347666667, 51.058470865000004, 51.13442303]]",227.717007,338.9890144,"{'regressor_1': 652.0503333333332, 'regressor_2': 378.2024766856759}","[18, 2981]",,
95,11,2,"[[50.9825187], [51.007836088333335, 51.03315347666667, 51.08378825333333]]","[[51.007836088333335], [51.03315347666667, 51.058470865000004, 51.109105641666666]]",245.1432708,3763.548178,"{'regressor_1': 679.8115, 'regressor_2': 5060.124377261927}","[18, 5471]",,
96,11,2,"[[50.9825401], [51.007855705000004, 51.03317131, 51.13443373]]","[[51.007855705000004], [51.03317131, 51.058486915, 51.159749335]]",226.9390047,564.316918,"{'regressor_1': 12.626285714285716, 'regressor_2': 977.7889288090485}","[14, 3006]",,
97,11,2,"[[50.9825187], [51.007836088333335, 51.03315347666667, 51.13442303]]","[[51.007836088333335], [51.03315347666667, 51.058470865000004, 51.159740418333335]]",241.8757981,508.9640297,"{'regressor_1': 673.3366666666667, 'regressor_2': 818.3265109780439}","[18, 3006]",,
98,11,2,"[[50.9825187], [51.007836088333335, 51.03315347666667, 51.13442303]]","[[51.007836088333335], [51.03315347666667, 51.058470865000004, 51.159740418333335]]",235.4888777,488.0787671,"{'regressor_1': 931.3324210526315, 'regressor_2': 742.0032149064172}","[19, 2992]",,
99,11,2,"[[50.9825401], [51.007855705000004, 51.03317131, 51.109118125]]","[[51.007855705000004], [51.03317131, 51.058486915, 51.13443373]]",248.3886838,380.8006216,"{'regressor_1': 764.398125, 'regressor_2': 447.8834897616649}","[16, 2979]",,
100,12,2,"[[50.9825187], [51.00520986923077, 51.027901038461536]]","[[51.00520986923077], [51.027901038461536, 51.050592207692304]]",230.5838417,339.5234637,"{'regressor_1': 384.1235999999999, 'regressor_2': 381.54655947136564}","[15, 2951]",237.9464272,1215.398594
101,12,2,"[[50.9826162], [51.00539465461539, 51.02817310923077, 51.07373001846154]]","[[51.00539465461539], [51.02817310923077, 51.050951563846155, 51.09650847307692]]",234.8412337,3671.491966,"{'regressor_1': 14.505, 'regressor_2': 4971.655736851751}","[16, 5457]",,
102,12,2,"[[50.9825187], [51.00588859692308, 51.02925849384616]]","[[51.00588859692308], [51.02925849384616, 51.05262839076923]]",245.9987942,334.5755896,"{'regressor_1': 736.6515000000002, 'regressor_2': 312.8898120965001}","[16, 2943]",,
103,12,3,"[[50.9825401], [51.00532440846154], [51.02810871692308, 51.05089302538462, 51.164814567692304, 51.096461642307695, 51.18759887615384, 51.073677333846156]]","[[51.00532440846154], [51.02810871692308], [51.05089302538462, 51.073677333846156, 51.18759887615384, 51.11924595076923, 51.21038318461538, 51.096461642307695]]",230.8211164,5887.770316,"{'regressor_1': 11.419857142857145, 'regressor_2': 307.91165771109564, 'regressor_3': 15735.645492103371}","[14, 2866, 2786]",,
104,12,2,"[[50.9825187], [51.00588859692308, 51.02925849384616]]","[[51.00588859692308], [51.02925849384616, 51.05262839076923]]",229.6473763,325.4342063,"{'regressor_1': 650.2988888888889, 'regressor_2': 324.00561405295315}","[18, 2946]",,
105,12,2,"[[50.9825187], [51.00588859692308, 51.02925849384616]]","[[51.00588859692308], [51.02925849384616, 51.05262839076923]]",247.6740588,363.661955,"{'regressor_1': 679.4151111111111, 'regressor_2': 389.3720155826559}","[18, 2952]",,
106,12,2,"[[50.9825401], [51.00590835076923, 51.02927660153846]]","[[51.00590835076923], [51.02927660153846, 51.052644852307694]]",227.9579086,282.6706334,"{'regressor_1': 13.326142857142854, 'regressor_2': 228.20362470308783}","[14, 2947]",,
107,12,2,"[[50.9825187], [51.00588859692308, 51.02925849384616]]","[[51.00588859692308], [51.02925849384616, 51.05262839076923]]",243.5533531,324.2906935,"{'regressor_1': 672.9686666666668, 'regressor_2': 310.7336191929467}","[18, 2949]",,
108,12,2,"[[50.9825187], [51.00588859692308, 51.02925849384616]]","[[51.00588859692308], [51.02925849384616, 51.05262839076923]]",237.4040744,284.5193661,"{'regressor_1': 673.9086111111112, 'regressor_2': 198.68440258415504}","[18, 2941]",,
109,12,2,"[[50.9825401], [51.00590835076923, 51.02927660153846]]","[[51.00590835076923], [51.02927660153846, 51.052644852307694]]",250.9825145,340.047748,"{'regressor_1': 763.379875, 'regressor_2': 316.8697066213922}","[16, 2945]",,
110,13,2,"[[50.9825187], [51.00358907142857, 51.02465944285714]]","[[51.00358907142857], [51.02465944285714, 51.045729814285714]]",226.4671442,323.6875269,"{'regressor_1': 383.6171333333333, 'regressor_2': 338.56001157249824}","[15, 2938]",235.9758224,1397.095081
111,13,2,"[[50.9826162], [51.00376762214286, 51.02491904428572, 51.08837331071429]]","[[51.00376762214286], [51.02491904428572, 51.046070466428574, 51.109524732857146]]",233.7677749,3719.479183,"{'regressor_1': 14.677375, 'regressor_2': 5025.155125160816}","[16, 5441]",,
112,13,2,"[[50.9825187], [51.00421931857143, 51.02591993714286]]","[[51.00421931857143], [51.02591993714286, 51.04762055571429]]",243.4273831,324.0027457,"{'regressor_1': 381.727, 'regressor_2': 286.5277251362398}","[15, 2936]",,
113,13,2,"[[50.9825401], [51.003696957857144, 51.02485381571429, 51.067167531428574]]","[[51.003696957857144], [51.02485381571429, 51.04601067357143, 51.08832438928572]]",230.8269083,581.9181653,"{'regressor_1': 11.129285714285713, 'regressor_2': 1101.3561042281217}","[14, 3051]",,
114,13,2,"[[50.9825187], [51.00421931857143, 51.02591993714286, 51.06932117428571]]","[[51.00421931857143], [51.02591993714286, 51.04762055571429, 51.09102179285714]]",228.0208508,415.5336181,"{'regressor_1': 651.8847222222222, 'regressor_2': 677.0462282715645}","[18, 3049]",,
115,13,2,"[[50.9825187], [51.00421931857143, 51.02591993714286, 51.09102179285714]]","[[51.00421931857143], [51.02591993714286, 51.04762055571429, 51.11272241142857]]",247.4243307,3831.655284,"{'regressor_1': 679.9751666666668, 'regressor_2': 5163.074770500826}","[18, 5451]",,
116,13,2,"[[50.9825401], [51.00423919, 51.06933646, 51.02593828, 51.199531]]","[[51.00423919], [51.02593828, 51.09103555, 51.047637370000004, 51.22123009]]",227.6721759,472.8769102,"{'regressor_1': 13.341285714285714, 'regressor_2': 846.9819807566862}","[14, 3066]",,
117,13,2,"[[50.9825187], [51.00421931857143, 51.02591993714286]]","[[51.00421931857143], [51.02591993714286, 51.04762055571429]]",240.0933248,283.629597,"{'regressor_1': 365.0462352941176, 'regressor_2': 207.488144361413}","[17, 2944]",,
118,13,2,"[[50.9825187], [51.00421931857143, 51.09102179285714, 51.02591993714286, 51.15612364857143]]","[[51.00421931857143], [51.02591993714286, 51.11272241142857, 51.04762055571429, 51.17782426714286]]",235.746716,3688.620459,"{'regressor_1': 673.1987222222222, 'regressor_2': 4975.727543685756}","[18, 5448]",,
119,13,2,"[[50.9825401], [51.00423919, 51.02593828]]","[[51.00423919], [51.02593828, 51.047637370000004]]",246.3116151,329.5473192,"{'regressor_1': 763.0541249999999, 'regressor_2': 292.38578603066446}","[16, 2935]",,
120,14,2,"[[50.9825187], [51.00218438, 51.02185006]]","[[51.00218438], [51.02185006, 51.04151574]]",229.8874139,441.4684348,"{'regressor_1': 383.98126666666667, 'regressor_2': 632.8982589041095}","[15, 2920]",237.3451764,1706.385522
121,14,2,"[[50.9826162], [51.00235752733334, 51.180029473333335, 51.022098854666666]]","[[51.00235752733334], [51.022098854666666, 51.19977080066666, 51.041840182]]",235.8511437,468.1837502,"{'regressor_1': 14.921999999999999, 'regressor_2': 721.0874394041977}","[16, 2954]",,
122,14,2,"[[50.9825187], [51.00277261066667, 51.023026521333335]]","[[51.00277261066667], [51.023026521333335, 51.043280432]]",245.2364192,314.5327583,"{'regressor_1': 8.827285714285715, 'regressor_2': 256.7961666096476}","[14, 2923]",,
123,14,2,"[[50.9825401], [51.00228650066667, 51.02203290133333]]","[[51.00228650066667], [51.02203290133333, 51.041779302]]",231.4114464,408.1240362,"{'regressor_1': 10.537714285714287, 'regressor_2': 552.4527350427351}","[14, 2925]",,
124,14,3,"[[50.9825187], [51.00277261066667], [51.023026521333335, 51.063534342666664, 51.245819538666666, 51.104042164, 51.043280432]]","[[51.00277261066667], [51.023026521333335], [51.043280432, 51.08378825333333, 51.28632736, 51.12429607466667, 51.063534342666664]]",226.6443323,9916.491477,"{'regressor_1': 651.9947222222222, 'regressor_2': 252.15349031349066, 'regressor_3': 34340.302025629295}","[18, 2839, 2185]",,
125,14,2,"[[50.9825187], [51.00277261066667, 51.08378825333333, 51.023026521333335, 51.043280432]]","[[51.00277261066667], [51.023026521333335, 51.104042164, 51.043280432, 51.063534342666664]]",248.4167785,3836.897491,"{'regressor_1': 677.8526111111112, 'regressor_2': 5166.511009513356}","[18, 5466]",,
126,14,3,"[[50.9825401], [51.002792584], [51.023045068, 51.063550036, 51.185064940000004, 51.144559972, 51.043297552]]","[[51.002792584], [51.023045068], [51.043297552, 51.08380252, 51.205317424, 51.164812456, 51.063550036]]",225.2829585,511.491632,"{'regressor_1': 12.559571428571429, 'regressor_2': 239.51904582305252, 'regressor_3': 8556.518875968992}","[14, 2837, 258]",,
127,14,2,"[[50.9825187], [51.00277261066667, 51.023026521333335]]","[[51.00277261066667], [51.023026521333335, 51.043280432]]",242.9342792,311.6890254,"{'regressor_1': 364.6478235294117, 'regressor_2': 262.87084415584417}","[17, 2926]",,
128,14,3,"[[50.9825187], [51.00277261066667], [51.023026521333335, 51.063534342666664, 51.18505780666667, 51.144549985333335, 51.043280432]]","[[51.00277261066667], [51.023026521333335], [51.043280432, 51.08378825333333, 51.20531171733334, 51.164803896, 51.063534342666664]]",238.8109529,532.0489656,"{'regressor_1': 5.69025, 'regressor_2': 232.55012869198313, 'regressor_3': 9608.241213389121}","[16, 2844, 239]",,
129,14,2,"[[50.9825401], [51.002792584, 51.023045068]]","[[51.002792584], [51.023045068, 51.043297552]]",248.9760389,322.9276543,"{'regressor_1': 759.875375, 'regressor_2': 262.0897509408142}","[16, 2923]",,
130,15,2,"[[50.9825187], [51.000955275, 51.01939185, 51.148447875]]","[[51.000955275], [51.01939185, 51.037828425, 51.16688445]]",230.0675301,516.9744962,"{'regressor_1': 384.15020000000004, 'regressor_2': 834.3289962393163}","[15, 2925]",236.87779,3734.060638
131,15,2,"[[50.9826162], [51.001123694375, 51.019631188750004, 51.09366116625]]","[[51.001123694375], [51.019631188750004, 51.038138683125, 51.112168660625]]",234.756366,10342.0189,"{'regressor_1': 14.411875, 'regressor_2': 14614.031440896359}","[16, 5355]",,
132,15,2,"[[50.9825187], [51.00150674125, 51.0204947825]]","[[51.00150674125], [51.0204947825, 51.03948282375]]",246.4506883,430.5420758,"{'regressor_1': 6.873857142857142, 'regressor_2': 549.3558796009632}","[14, 2907]",,
133,15,2,"[[50.9825401], [51.001052350625, 51.01956460125, 51.16766260625]]","[[51.001052350625], [51.01956460125, 51.038076851875, 51.186174856875]]",232.3197514,527.2777279,"{'regressor_1': 10.878857142857143, 'regressor_2': 869.3058976377952}","[14, 2921]",,
134,15,3,"[[50.9825187], [51.00150674125], [51.0204947825, 51.03948282375, 51.2483512775, 51.058470865000004, 51.13442303, 51.07745890625, 51.1723991125]]","[[51.00150674125], [51.0204947825], [51.03948282375, 51.058470865000004, 51.28632736, 51.07745890625, 51.15341107125, 51.0964469475, 51.19138715375]]",227.4475887,12891.85383,"{'regressor_1': 651.8649444444444, 'regressor_2': 141.16473059198867, 'regressor_3': 21124.333225128645}","[18, 2821, 4664]",,
135,15,2,"[[50.9825187], [51.00150674125, 51.0204947825, 51.11543498875, 51.0964469475]]","[[51.00150674125], [51.0204947825, 51.03948282375, 51.13442303, 51.11543498875]]",244.8923605,799.2053001,"{'regressor_1': 678.6391111111112, 'regressor_2': 1530.4168820786144}","[18, 3002]",,
136,15,2,"[[50.9825401], [51.001526803750004, 51.03950021125, 51.0205135075, 51.11544702625]]","[[51.001526803750004], [51.0205135075, 51.058486915, 51.03950021125, 51.13443373]]",227.0236647,537.6612186,"{'regressor_1': 13.126428571428571, 'regressor_2': 918.7713869007426}","[14, 2962]",,
137,15,2,"[[50.9825187], [51.00150674125, 51.0204947825]]","[[51.00150674125], [51.0204947825, 51.03948282375]]",240.4292668,441.1184812,"{'regressor_1': 10.9365, 'regressor_2': 609.7475017135023}","[16, 2918]",,
138,15,2,"[[50.9825187], [51.00150674125, 51.07745890625, 51.0204947825]]","[[51.00150674125], [51.0204947825, 51.0964469475, 51.03948282375]]",236.8834324,10412.12966,"{'regressor_1': 6.639, 'regressor_2': 14616.420510000002}","[16, 5400]",,
139,15,2,"[[50.9825401], [51.001526803750004, 51.0205135075]]","[[51.001526803750004], [51.0205135075, 51.03950021125]]",248.5072507,441.8246817,"{'regressor_1': 759.7011875000001, 'regressor_2': 572.5163646048111}","[16, 2910]",,
140,16,2,"[[50.9825187], [50.99987077058824, 51.19074354705882, 51.01722284117647, 51.06927905294118]]","[[50.99987077058824], [51.01722284117647, 51.20809561764706, 51.03457491176471, 51.086631123529415]]",227.2877494,635.2648765,"{'regressor_1': 9.398000000000001, 'regressor_2': 1244.314612816189}","[14, 2965]",236.7417574,7804.100086
141,16,2,"[[50.9826162], [51.000035018235295, 51.06971029117647, 51.01745383647059]]","[[51.000035018235295], [51.01745383647059, 51.08712910941176, 51.034872654705886]]",235.5389522,660.0713534,"{'regressor_1': 14.414125, 'regressor_2': 1244.5706908846284}","[16, 2973]",,
142,16,3,"[[50.9825187], [51.00038979764706, 51.08974528588235, 51.01826089529412], [51.10761638352941, 51.17910077411765, 51.21484296941176, 51.12548748117647]]","[[51.00038979764706], [51.01826089529412, 51.10761638352941, 51.03613199294118], [51.12548748117647, 51.19697187176471, 51.23271406705882, 51.14335857882353]]",244.7274348,10324.84808,"{'regressor_1': 380.408, 'regressor_2': 14456.943980234943, 'regressor_3': 8397.957943820224}","[15, 5363, 89]",,
143,16,3,"[[50.9825401], [50.99996339470589, 51.08707986823529, 51.017386689411765], [51.069656573529414, 51.15677304705882]]","[[50.99996339470589], [51.017386689411765, 51.10450316294118, 51.03480998411765], [51.08707986823529, 51.174196341764706]]",232.0748192,10486.52204,"{'regressor_1': 10.173714285714286, 'regressor_2': 14671.401086302894, 'regressor_3': 7439.329752808989}","[14, 5388, 89]",,
144,16,3,"[[50.9825187], [51.00038979764706, 51.08974528588235, 51.01826089529412], [51.25058516470588]]","[[51.00038979764706], [51.01826089529412, 51.10761638352941, 51.03613199294118], [51.28632736]]",229.5097147,10411.77521,"{'regressor_1': 356.9981764705882, 'regressor_2': 14658.55361977612, 'regressor_3': 298.81968277310926}","[17, 5360, 1904]",,
145,16,2,"[[50.9825187], [51.00038979764706, 51.08974528588235, 51.12548748117647, 51.01826089529412]]","[[51.00038979764706], [51.01826089529412, 51.10761638352941, 51.14335857882353, 51.03613199294118]]",245.8350391,10578.95796,"{'regressor_1': 677.8613333333334, 'regressor_2': 14833.095321719791}","[18, 5396]",,
146,16,2,"[[50.9825401], [51.00040993882353, 51.1612384882353, 51.107628971764704, 51.01827977764706, 51.071889294117646]]","[[51.00040993882353], [51.01827977764706, 51.17910832705883, 51.12549881058823, 51.03614961647059, 51.089759132941175]]",228.5596425,804.3283044,"{'regressor_1': 13.08514285714286, 'regressor_2': 1664.4623566200933}","[14, 3006]",,
147,16,2,"[[50.9825187], [51.00038979764706, 51.08974528588235, 51.01826089529412, 51.10761638352941]]","[[51.00038979764706], [51.01826089529412, 51.10761638352941, 51.03613199294118, 51.12548748117647]]",239.773477,10595.04967,"{'regressor_1': 10.22525, 'regressor_2': 14825.904891886896}","[16, 5411]",,
148,16,2,"[[50.9825187], [51.00038979764706, 51.19697187176471, 51.10761638352941, 51.01826089529412, 51.08974528588235]]","[[51.00038979764706], [51.01826089529412, 51.21484296941176, 51.12548748117647, 51.03613199294118, 51.10761638352941]]",236.5891131,10551.70204,"{'regressor_1': 7.464500000000001, 'regressor_2': 14772.845655459078}","[16, 5413]",,
149,16,3,"[[50.9825401], [51.00040993882353, 51.089759132941175, 51.01827977764706], [51.17910832705883, 51.25058768235294]]","[[51.00040993882353], [51.01827977764706, 51.107628971764704, 51.03614961647059], [51.196978165882356, 51.28632736]]",247.5216325,12992.48133,"{'regressor_1': 408.3780000000001, 'regressor_2': 14414.625500555969, 'regressor_3': 11178.910048947368}","[15, 5396, 1900]",,
150,17,2,"[[50.9825187], [50.998906766666664, 51.015294833333336, 51.146399366666664, 51.064459033333335]]","[[50.998906766666664], [51.015294833333336, 51.0316829, 51.162787433333335, 51.0808471]]",227.5555133,737.5698629,"{'regressor_1': 10.02557142857143, 'regressor_2': 1471.0934211409394}","[14, 2980]",236.4409187,6624.886652
151,17,2,"[[50.9826162], [50.999067306111115, 51.01551841222222, 51.06487173055556]]","[[50.999067306111115], [51.01551841222222, 51.031969518333334, 51.081322836666665]]",235.7455193,718.8119617,"{'regressor_1': 14.906374999999999, 'regressor_2': 1382.1938056300269}","[16, 2984]",,
152,17,2,"[[50.9825187], [50.99939695888889, 51.016275217777775, 51.08378825333333]]","[[50.99939695888889], [51.016275217777775, 51.03315347666667, 51.100666512222226]]",244.3946495,10433.45441,"{'regressor_1': 10.301714285714286, 'regressor_2': 14661.741531139616}","[14, 5379]",,
153,17,2,"[[50.9825401], [50.998995433888894, 51.08127210333333, 51.01545076777778, 51.180004106666665]]","[[50.998995433888894], [51.01545076777778, 51.09772743722222, 51.031906101666664, 51.19645944055556]]",231.3813173,10473.75836,"{'regressor_1': 10.067142857142859, 'regressor_2': 14720.15095306993}","[14, 5391]",,
154,17,3,"[[50.9825187], [50.99939695888889, 51.066909994444444, 51.016275217777775], [51.08378825333333]]","[[50.99939695888889], [51.016275217777775, 51.08378825333333, 51.03315347666667], [51.100666512222226]]",227.2947607,686.0209525,"{'regressor_1': 356.9306470588235, 'regressor_2': 1368.1173445040213, 'regressor_3': 68.42932783588093}","[17, 2984, 2486]",,
155,17,2,"[[50.9825187], [50.99939695888889, 51.066909994444444, 51.016275217777775, 51.08378825333333]]","[[50.99939695888889], [51.016275217777775, 51.08378825333333, 51.03315347666667, 51.100666512222226]]",247.1609723,10826.36379,"{'regressor_1': 677.8509444444445, 'regressor_2': 15037.99152506403}","[18, 5466]",,
156,17,2,"[[50.9825401], [50.99941717, 51.06692545, 51.01629424, 51.10067959]]","[[50.99941717], [51.01629424, 51.08380252, 51.03317131, 51.11755666]]",225.9013178,807.3349642,"{'regressor_1': 13.534142857142859, 'regressor_2': 1651.244970392548}","[14, 3006]",,
157,17,2,"[[50.9825187], [50.99939695888889, 51.08378825333333, 51.016275217777775, 51.100666512222226]]","[[50.99939695888889], [51.016275217777775, 51.100666512222226, 51.03315347666667, 51.11754477111111]]",241.0547017,10663.60513,"{'regressor_1': 11.098500000000001, 'regressor_2': 14878.11055682446}","[16, 5429]",,
158,17,2,"[[50.9825187], [50.99939695888889, 51.08378825333333, 51.016275217777775, 51.100666512222226]]","[[50.99939695888889], [51.016275217777775, 51.100666512222226, 51.03315347666667, 51.11754477111111]]",236.3327136,10469.29017,"{'regressor_1': 7.41075, 'regressor_2': 14627.412480723116}","[16, 5421]",,
159,17,2,"[[50.9825401], [50.99941717, 51.01629424, 51.08380252]]","[[50.99941717], [51.01629424, 51.03317131, 51.10067959]]",247.5877217,10432.65693,"{'regressor_1': 413.3687999999999, 'regressor_2': 14645.076752923705}","[15, 5387]",,
160,18,2,"[[50.9825187], [50.998044236842105, 51.01356977368421, 51.029095310526316]]","[[50.998044236842105], [51.01356977368421, 51.029095310526316, 51.04462084736842]]",228.3780161,471.5889007,"{'regressor_1': 10.563857142857142, 'regressor_2': 724.6585744463374}","[14, 2935]",236.7983251,5815.613127
161,18,2,"[[50.9826162], [50.99820145842106, 51.122883525789476, 51.06054249210526, 51.091713008947366, 51.013786716842105]]","[[50.99820145842106], [51.013786716842105, 51.138468784210524, 51.07612775052632, 51.10729826736842, 51.02937197526316]]",233.6233599,10684.86073,"{'regressor_1': 14.416500000000001, 'regressor_2': 14911.454937925953}","[16, 5429]",,
162,18,3,"[[50.9825187], [50.99850862947368, 51.09444820631579, 51.014498558947366], [51.190387783157895, 51.23835757157895, 51.254347501052635]]","[[50.99850862947368], [51.014498558947366, 51.11043813578947, 51.03048848842105], [51.20637771263158, 51.254347501052635, 51.28632736]]",245.757795,12802.82153,"{'regressor_1': 10.108714285714287, 'regressor_2': 14404.585841965973, 'regressor_3': 10984.577486652975}","[14, 5290, 1948]",,
163,18,3,"[[50.9825401], [50.998129363684214, 51.12284347315789, 51.01371862736842], [51.06048641842105, 51.10725420947368, 51.07607568210526]]","[[50.998129363684214], [51.01371862736842, 51.138432736842105, 51.02930789105263], [51.07607568210526, 51.12284347315789, 51.091664945789475]]",230.5039838,379.7997709,"{'regressor_1': 10.048857142857141, 'regressor_2': 389.3739380869565, 'regressor_3': 4042.9908928571426}","[14, 2875, 168]",,
164,18,3,"[[50.9825187], [50.99850862947368, 51.078458276842106, 51.014498558947366], [51.11043813578947, 51.17439785368421]]","[[50.99850862947368], [51.014498558947366, 51.09444820631579, 51.03048848842105], [51.126428065263156, 51.190387783157895]]",226.9735012,858.9120939,"{'regressor_1': 360.6344705882353, 'regressor_2': 1671.2445323283082, 'regressor_3': 5142.8414042553195}","[17, 2985, 47]",,
165,18,2,"[[50.9825187], [50.99850862947368, 51.06246834736842, 51.014498558947366, 51.03048848842105]]","[[50.99850862947368], [51.014498558947366, 51.078458276842106, 51.03048848842105, 51.04647841789474]]",246.2123301,826.0601706,"{'regressor_1': 678.0124444444446, 'regressor_2': 1643.7651541762962}","[18, 3029]",,
166,18,2,"[[50.9825401], [50.9985289031579, 51.20638334421053, 51.03050650947369, 51.07847291894737, 51.01451770631579]]","[[50.9985289031579], [51.01451770631579, 51.222372147368425, 51.04649531263158, 51.094461722105265, 51.03050650947369]]",226.1172482,1074.297211,"{'regressor_1': 13.593, 'regressor_2': 2270.307234415584}","[14, 3080]",,
167,18,2,"[[50.9825187], [50.99850862947368, 51.09444820631579, 51.06246834736842, 51.014498558947366, 51.15840792421053]]","[[50.99850862947368], [51.014498558947366, 51.11043813578947, 51.078458276842106, 51.03048848842105, 51.17439785368421]]",243.9943821,10426.07043,"{'regressor_1': 11.207999999999998, 'regressor_2': 14718.800618790698}","[16, 5375]",,
168,18,2,"[[50.9825187], [50.99850862947368, 51.17439785368421, 51.06246834736842, 51.09444820631579, 51.014498558947366]]","[[50.99850862947368], [51.014498558947366, 51.190387783157895, 51.078458276842106, 51.11043813578947, 51.03048848842105]]",238.0122502,10486.39931,"{'regressor_1': 7.417625, 'regressor_2': 14745.699090774357}","[16, 5398]",,
169,18,3,"[[50.9825401], [50.9985289031579, 51.094461722105265, 51.01451770631579], [51.238360950526314]]","[[50.9985289031579], [51.01451770631579, 51.11045052526316, 51.03050650947369], [51.25434975368421]]",248.4103848,10145.32112,"{'regressor_1': 413.31446666666665, 'regressor_2': 14411.211593596987, 'regressor_3': 3314.9985762711863}","[15, 5310, 59]",,
170,19,2,"[[50.9825187], [50.99726796, 51.01201722, 51.10051278]]","[[50.99726796], [51.01201722, 51.02676648, 51.11526204]]",228.2178055,563.1350506,"{'regressor_1': 10.361714285714285, 'regressor_2': 942.6265260075783}","[14, 2903]",236.7964019,3597.998675
171,19,2,"[[50.9826162], [50.9974221955, 51.249124119, 51.041840182, 51.012228191000005]]","[[50.9974221955], [51.012228191000005, 51.27873611, 51.0566461775, 51.0270341865]]",233.88957,10707.86963,"{'regressor_1': 14.93425, 'regressor_2': 16883.657324335552}","[16, 4816]",,
172,19,2,"[[50.9825187], [50.997709133, 51.012899566, 51.073661298]]","[[50.997709133], [51.012899566, 51.028089999, 51.088851731]]",246.5454562,560.7725149,"{'regressor_1': 9.987714285714285, 'regressor_2': 892.0821652920962}","[14, 2910]",,
173,19,2,"[[50.9825401], [50.9973499005, 51.1158283045, 51.012159701, 51.041779302]]","[[50.9973499005], [51.012159701, 51.130638105, 51.0269695015, 51.0565891025]]",230.4065946,447.842007,"{'regressor_1': 10.212857142857143, 'regressor_2': 674.9350085969738}","[14, 2908]",,
174,19,3,"[[50.9825187], [50.997709133, 51.073661298, 51.012899566], [51.195184762000004]]","[[50.997709133], [51.012899566, 51.088851731, 51.028089999], [51.210375195]]",226.0955107,595.7789056,"{'regressor_1': 357.01117647058817, 'regressor_2': 1127.5568524035205, 'regressor_3': 7271.840571428571}","[17, 2954, 7]",,
175,19,2,"[[50.9825187], [50.997709133, 51.012899566, 51.073661298]]","[[50.997709133], [51.012899566, 51.028089999, 51.088851731]]",248.3179225,585.2532666,"{'regressor_1': 679.8651666666666, 'regressor_2': 1025.4668858899895}","[18, 2927]",,
176,19,2,"[[50.9825401], [50.997729463, 51.164812456, 51.073676278, 51.012918826, 51.088865641]]","[[50.997729463], [51.012918826, 51.180001819000005, 51.088865641, 51.028108189, 51.104055004]]",228.7901969,10692.20121,"{'regressor_1': 13.161142857142858, 'regressor_2': 14936.519321139707}","[14, 5440]",,
177,19,2,"[[50.9825187], [50.997709133, 51.104042164, 51.012899566, 51.073661298, 51.195184762000004]]","[[50.997709133], [51.012899566, 51.119232597, 51.028089999, 51.088851731, 51.210375195]]",241.8460979,720.7093775,"{'regressor_1': 11.079374999999999, 'regressor_2': 1373.8464771728102}","[16, 2957]",,
178,19,2,"[[50.9825187], [50.997709133, 51.088851731, 51.073661298, 51.012899566, 51.179994329]]","[[50.997709133], [51.012899566, 51.104042164, 51.088851731, 51.028089999, 51.195184762000004]]",235.4791937,10499.2162,"{'regressor_1': 7.299625000000001, 'regressor_2': 14683.0778979893}","[16, 5421]",,
179,19,2,"[[50.9825401], [50.997729463, 51.043297552, 51.012918826, 51.073676278]]","[[50.997729463], [51.012918826, 51.058486915, 51.028108189, 51.088865641]]",248.375671,607.2085781,"{'regressor_1': 408.29499999999996, 'regressor_2': 1126.8144907625126}","[15, 2977]",,
